condition,id,trial,peak_time,peak_point,freqency,trial_start,amplitude,avg_velocity,duration,sac_end_time,sac_index,peak_velocity,sac_peak_velocity_time,sac_start_time,trial_saccade_total,trial_start_time
alcohol,1,1,17.0,0.4780232620693147,10.0,0.0,6.285000000000001,6.285000000000001,36.75,2017.25,5.5,225.19625,122116.5,1981.5,10.0,120119.0
alcohol,1,2,18.375,0.47784229084026864,8.0,4386.0,7.8625,7.8625,42.0,2158.625,4.5,287.865,126640.0,2117.625,8.0,124505.0
alcohol,1,3,11.714285714285714,0.38975085946287535,8.0,8529.0,6.8428571428571425,6.8428571428571425,46.142857142857146,1998.857142857143,4.285714285714286,172.14142857142855,130612.42857142857,1953.7142857142858,8.0,128648.0
alcohol,1,4,15.833333333333334,0.4696416992968717,7.0,13268.0,6.081666666666668,6.081666666666668,35.5,1883.8333333333333,3.8333333333333335,201.0666666666667,135251.16666666666,1849.3333333333333,7.0,133387.0
alcohol,1,5,15.5,0.4009758247593041,12.0,17537.0,6.6190000000000015,6.6190000000000015,45.2,2410.7,6.6,223.108,140037.0,2366.5,12.0,137656.0
alcohol,1,6,15.222222222222221,0.48977300870917895,10.0,22545.0,5.853333333333334,5.853333333333334,32.77777777777778,2141.1111111111113,5.444444444444445,213.0577777777778,144787.55555555556,2109.3333333333335,10.0,142664.0
alcohol,1,7,17.5,0.43774995652929927,7.0,26852.0,9.615,9.615,43.0,1828.5,3.8333333333333335,266.03166666666664,148774.0,1786.5,7.0,146971.0
alcohol,1,8,15.272727272727273,0.4831957021071192,12.0,31380.0,7.280909090909091,7.280909090909091,34.72727272727273,2533.909090909091,7.0,272.9463636363636,154013.45454545456,2500.181818181818,12.0,151499.0
alcohol,1,9,15.166666666666666,0.48057835398260934,8.0,35621.0,6.699999999999999,6.699999999999999,33.666666666666664,2310.1666666666665,5.0,211.13000000000002,158031.66666666666,2277.5,8.0,155740.0
alcohol,1,10,16.285714285714285,0.42078674948240163,9.0,40435.0,8.070000000000002,8.070000000000002,43.285714285714285,1753.7142857142858,5.0,238.77714285714288,162280.7142857143,1711.4285714285713,9.0,160554.0
alcohol,1,11,14.6,0.47851022910619656,11.0,44706.0,5.1240000000000006,5.1240000000000006,31.3,1826.9,5.9,185.168,166635.2,1796.6,11.0,164825.0
alcohol,1,12,14.88888888888889,0.4589456807125179,11.0,49152.0,4.907777777777778,4.907777777777778,33.22222222222222,1967.2222222222222,5.444444444444445,193.15888888888892,171219.88888888888,1935.0,11.0,169271.0
alcohol,1,13,15.1,0.4719082808251615,11.0,53504.0,5.244999999999999,5.244999999999999,33.0,2397.2,6.1,202.22,176002.3,2365.2,11.0,173623.0
alcohol,1,14,14.875,0.44957964984397963,9.0,58212.0,5.6274999999999995,5.6274999999999995,34.25,1273.25,4.75,183.025,179584.875,1240.0,9.0,178331.0
alcohol,1,15,17.125,0.4402451344363109,10.0,62400.0,7.94625,7.94625,41.0,2114.75,5.5,235.67125,184609.875,2074.75,10.0,182519.0
alcohol,1,16,17.375,0.4203268795019197,9.0,67344.0,5.936249999999999,5.936249999999999,50.5,1628.375,4.5,230.63375,189058.25,1578.875,9.0,187463.0
alcohol,1,17,19.272727272727273,0.41186007872506836,12.0,71697.0,7.6909090909090905,7.6909090909090905,55.0,1972.090909090909,6.090909090909091,308.10727272727274,193752.36363636365,1918.090909090909,12.0,191816.0
alcohol,1,18,14.625,0.4284389649850657,9.0,76659.0,5.26625,5.26625,34.125,1823.375,4.875,198.51749999999998,198581.875,1790.25,9.0,196778.0
alcohol,1,19,16.714285714285715,0.44879073838701167,9.0,80769.0,7.4399999999999995,7.4399999999999995,40.857142857142854,1925.5714285714287,5.428571428571429,238.17,202789.42857142858,1885.7142857142858,9.0,200888.0
alcohol,1,20,19.857142857142858,0.41631071339449427,9.0,85364.0,5.917142857142857,5.917142857142857,53.0,1791.2857142857142,4.285714285714286,253.65571428571428,207241.14285714287,1739.2857142857142,9.0,205483.0
alcohol,1,21,15.555555555555555,0.4260807653255179,9.0,90163.0,7.200000000000001,7.200000000000001,41.22222222222222,1895.6666666666667,5.0,222.6533333333333,212152.0,1855.4444444444443,9.0,210282.0
alcohol,1,22,14.625,0.4722063590060194,10.0,94466.0,5.26625,5.26625,33.625,1935.75,5.875,194.1775,216501.75,1903.125,10.0,214585.0
alcohol,1,23,16.857142857142858,0.469441041033193,8.0,98738.0,6.159999999999999,6.159999999999999,38.0,2104.1428571428573,4.571428571428571,250.5171428571429,220940.0,2067.1428571428573,8.0,218857.0
alcohol,1,24,14.428571428571429,0.4820802087720746,8.0,103395.0,5.57,5.57,32.142857142857146,1917.4285714285713,4.428571428571429,192.0842857142857,225413.7142857143,1886.2857142857142,8.0,223514.0
alcohol,1,25,14.666666666666666,0.4345069780602857,10.0,107536.0,5.863333333333333,5.863333333333333,35.44444444444444,1892.2222222222222,5.333333333333333,220.18666666666664,229526.44444444444,1857.7777777777778,10.0,227655.0
alcohol,1,26,15.0,0.4382658149565925,9.0,111904.0,5.707142857142857,5.707142857142857,34.42857142857143,2040.0,4.428571428571429,192.27285714285713,234043.57142857142,2006.5714285714287,9.0,232023.0
alcohol,1,27,18.2,0.43705214502383355,7.0,116321.0,8.072,8.072,42.2,1639.6,4.2,279.736,238055.6,1598.4,7.0,236440.0
alcohol,1,28,20.0,0.4370673534207369,10.0,120226.0,6.155555555555555,6.155555555555555,54.77777777777778,1766.111111111111,5.0,295.1088888888888,242076.33333333334,1712.3333333333333,10.0,240345.0
alcohol,1,29,16.125,0.41749173205273715,9.0,124321.0,7.54,7.54,41.75,1644.375,4.5,249.55,246058.75,1603.625,9.0,244440.0
alcohol,1,30,13.0,0.4540348029163818,10.0,128271.0,4.342499999999999,4.342499999999999,29.125,1856.125,4.875,164.11125,250230.0,1828.0,10.0,248390.0
alcohol,1,31,14.5,0.3906390767548328,9.0,132961.0,6.7700000000000005,6.7700000000000005,39.125,1933.125,4.875,232.21500000000003,254988.5,1895.0,9.0,253080.0
alcohol,1,32,14.571428571428571,0.46182284180628824,8.0,137167.0,5.672857142857143,5.672857142857143,34.0,1878.5714285714287,4.428571428571429,226.16571428571427,259145.14285714287,1845.5714285714287,8.0,257286.0
alcohol,1,33,15.2,0.4358108286476069,12.0,141458.0,5.246,5.246,37.0,2464.9,6.6,213.90299999999996,264020.1,2428.9,12.0,261577.0
alcohol,1,34,15.8,0.4268568069953321,11.0,146289.0,7.654999999999999,7.654999999999999,42.0,2001.8,5.9,318.006,268383.6,1960.8,11.0,266408.0
alcohol,1,35,13.555555555555555,0.4129025685620681,10.0,151058.0,5.705555555555555,5.705555555555555,37.333333333333336,2498.1111111111113,5.222222222222222,200.82666666666665,273651.3333333333,2461.777777777778,10.0,271177.0
alcohol,1,36,14.857142857142858,0.4369328451626588,9.0,156258.0,5.772857142857143,5.772857142857143,37.57142857142857,1999.0,4.428571428571429,205.15857142857143,278353.28571428574,1962.4285714285713,9.0,276377.0
alcohol,1,37,14.333333333333334,0.4346665426338839,12.0,160737.0,5.125555555555555,5.125555555555555,34.55555555555556,1815.2222222222222,6.333333333333333,209.61333333333332,282651.0,1781.6666666666667,12.0,280856.0
alcohol,1,38,14.88888888888889,0.4256937561050975,10.0,165731.0,6.0922222222222215,6.0922222222222215,39.111111111111114,1754.2222222222222,5.222222222222222,207.11888888888888,287580.0,1716.111111111111,10.0,285850.0
alcohol,1,39,15.75,0.3677536183716099,10.0,169854.0,8.448749999999999,8.448749999999999,50.625,1522.5,4.75,269.73499999999996,291460.625,1472.875,10.0,289973.0
alcohol,1,40,14.727272727272727,0.4171797884486995,12.0,174627.0,6.713636363636365,6.713636363636365,42.81818181818182,1910.2727272727273,6.090909090909091,215.2709090909091,296628.1818181818,1868.4545454545455,12.0,294746.0
alcohol,1,41,14.5,0.44167156410320363,11.0,179246.0,5.797000000000001,5.797000000000001,37.4,1724.7,5.5,222.39600000000002,301066.8,1688.3,11.0,299365.0
alcohol,1,42,15.142857142857142,0.4017183327528155,8.0,183647.0,7.185714285714286,7.185714285714286,43.42857142857143,1335.0,4.142857142857143,239.95142857142858,305072.71428571426,1292.5714285714287,8.0,303766.0
alcohol,1,43,14.555555555555555,0.41365125615125614,11.0,188131.0,5.1288888888888895,5.1288888888888895,37.22222222222222,1954.0,6.333333333333333,202.67,310181.3333333333,1917.7777777777778,11.0,308250.0
alcohol,1,44,14.777777777777779,0.47108060224867493,10.0,192306.0,4.591111111111111,4.591111111111111,31.88888888888889,1821.111111111111,5.333333333333333,190.35333333333332,314229.0,1790.2222222222222,10.0,312425.0
alcohol,1,45,14.8,0.4702115528628017,11.0,197086.0,4.902,4.902,35.9,1786.9,5.9,196.50799999999998,318970.8,1752.0,11.0,317205.0
alcohol,1,46,14.181818181818182,0.3952762925009811,12.0,201458.0,5.715454545454546,5.715454545454546,39.0,2115.3636363636365,6.090909090909091,228.04181818181814,323667.54545454547,2077.3636363636365,12.0,321577.0
alcohol,1,47,14.5,0.425771836594205,13.0,206689.0,5.4433333333333325,5.4433333333333325,36.833333333333336,2042.6666666666667,6.916666666666667,221.69583333333333,328828.3333333333,2006.8333333333333,13.0,326808.0
alcohol,1,48,23.1,0.4440739590930778,11.0,211029.0,4.4350000000000005,4.4350000000000005,47.2,2103.1,5.6,386.33200000000005,333227.0,2056.9,11.0,331148.0
alcohol,1,49,8.75,0.48690153373296036,9.0,220583.0,1.0787499999999999,1.0787499999999999,18.25,2472.875,4.625,85.65,343165.375,2455.625,9.0,340702.0
alcohol,1,50,7.142857142857143,0.48285215202508436,8.0,225055.0,0.8085714285714286,0.8085714285714286,15.142857142857142,1837.7142857142858,4.0,64.50285714285715,347003.71428571426,1823.5714285714287,8.0,345174.0
alcohol,1,51,9.0,0.49666116308934144,6.0,229668.0,0.7,0.7,26.8,1920.0,3.0,103.56800000000001,351689.2,1894.2,6.0,349787.0
alcohol,1,52,8.2,0.4773737373737374,6.0,234221.0,0.9780000000000001,0.9780000000000001,17.4,1602.2,3.4,77.854,355933.0,1585.8,6.0,354340.0
alcohol,1,53,7.8,0.4757142857142857,6.0,238658.0,0.892,0.892,16.6,2077.0,3.6,68.706,360845.2,2061.4,6.0,358777.0
alcohol,1,54,6.333333333333333,0.42260061919504643,5.0,242848.0,0.7466666666666667,0.7466666666666667,15.333333333333334,2333.0,2.6666666666666665,60.72666666666667,365291.0,2318.6666666666665,5.0,362967.0
alcohol,1,55,8.75,0.4348484848484848,5.0,247505.0,0.995,0.995,20.25,2573.25,3.0,83.49749999999999,370185.75,2554.0,5.0,367624.0
alcohol,1,56,7.8,0.41812200956937795,6.0,252289.0,0.906,0.906,18.8,2640.6,4.0,73.102,375037.6,2622.8,6.0,372408.0
alcohol,1,57,7.6,0.4368033273915627,6.0,256564.0,0.906,0.906,17.8,2416.4,3.6,73.278,379089.2,2399.6,6.0,376683.0
alcohol,1,58,6.8,0.5514285714285714,6.0,261215.0,0.4720000000000001,0.4720000000000001,13.4,1806.8,3.4,48.512,383134.2,1794.4,6.0,381334.0
alcohol,1,59,7.5,0.43450046685340804,6.0,265457.0,0.9033333333333332,0.9033333333333332,17.333333333333332,1983.8333333333333,3.5,71.28666666666668,387550.0,1967.5,6.0,385576.0
alcohol,1,60,12.5,0.3900831076232145,4.0,270256.0,1.295,1.295,46.0,2193.0,2.5,339.15000000000003,392534.5,2148.0,4.0,390375.0
alcohol,1,61,14.0,0.6351851851851852,3.0,274383.0,0.9,0.9,21.0,2816.0,2.0,69.07666666666667,397311.0,2796.0,3.0,394502.0
alcohol,1,62,8.333333333333334,0.4656603282338576,7.0,278753.0,0.7433333333333333,0.7433333333333333,18.666666666666668,2287.1666666666665,3.5,67.72000000000001,401148.8333333333,2269.5,7.0,398872.0
alcohol,1,63,8.0,0.4545454545454546,7.0,283184.0,0.9233333333333332,0.9233333333333332,18.166666666666668,2352.1666666666665,3.5,75.78166666666667,405645.0,2335.0,7.0,403303.0
alcohol,1,64,9.666666666666666,0.40086479128998304,6.0,287570.0,0.7733333333333334,0.7733333333333334,31.833333333333332,2643.8333333333335,3.5,128.035,410310.6666666667,2613.0,6.0,407689.0
alcohol,1,65,8.0,0.3988801435025692,6.0,291952.0,0.9,0.9,19.8,3150.4,4.0,79.918,415209.6,3131.6,6.0,412071.0
alcohol,1,66,7.6,0.36914377036080886,6.0,296545.0,0.754,0.754,20.8,1927.6,3.0,72.57000000000001,418578.4,1907.8,6.0,416664.0
alcohol,1,67,10.0,0.6617647058823529,2.0,300830.0,0.495,0.495,14.5,2346.0,1.5,43.235,423290.5,2332.5,2.0,420949.0
alcohol,1,68,11.833333333333334,0.4217152287628534,6.0,304975.0,0.7200000000000001,0.7200000000000001,30.666666666666668,2121.1666666666665,3.5,108.63833333333332,427196.3333333333,2091.5,6.0,425094.0
alcohol,1,69,7.0,0.41823185414516684,4.0,309201.0,0.7133333333333334,0.7133333333333334,17.0,1979.3333333333333,2.0,59.96,431289.3333333333,1963.3333333333333,4.0,429320.0
alcohol,1,70,8.5,0.44164332399626516,6.0,313550.0,0.9816666666666666,0.9816666666666666,19.5,3176.5,3.5,83.30666666666667,436834.5,3158.0,6.0,433669.0
alcohol,1,71,6.333333333333333,0.36492374727668847,4.0,318257.0,0.6166666666666666,0.6166666666666666,17.333333333333332,2026.0,3.0,55.53666666666667,440391.0,2009.6666666666667,4.0,438376.0
alcohol,1,72,5.666666666666667,0.4826555023923445,4.0,322432.0,0.5233333333333333,0.5233333333333333,12.666666666666666,2318.3333333333335,2.3333333333333335,47.89666666666667,444862.3333333333,2306.6666666666665,4.0,442551.0
alcohol,1,73,9.0,0.4083333333333333,3.0,326980.0,0.9600000000000001,0.9600000000000001,22.0,591.0,1.5,82.38499999999999,447677.0,570.0,3.0,447099.0
alcohol,1,74,8.6,0.4551970121381886,6.0,331264.0,1.0059999999999998,1.0059999999999998,19.0,2528.8,3.0,78.682,453901.4,2510.8,6.0,451383.0
alcohol,1,75,6.5,0.48291316526610634,6.0,335297.0,0.7200000000000001,0.7200000000000001,14.166666666666666,2827.5,3.5,60.87833333333333,458235.8333333333,2814.3333333333335,6.0,455416.0
alcohol,1,76,11.5,0.6125,2.0,339840.0,10.365,10.365,19.0,3842.0,1.5,521.905,463793.5,3824.0,2.0,459959.0
alcohol,1,77,7.6,0.420508658008658,7.0,343824.0,0.8159999999999998,0.8159999999999998,18.2,2785.2,4.6,68.436,466717.6,2768.0,7.0,463943.0
alcohol,1,78,9.0,0.5053571428571428,4.0,348271.0,0.43,0.43,16.666666666666668,2231.0,2.0,42.82666666666666,470613.3333333333,2215.3333333333335,4.0,468390.0
alcohol,1,79,5.8,0.43045112781954886,6.0,353152.0,0.67,0.67,12.8,2077.0,3.0,62.534000000000006,475341.0,2065.2,6.0,473271.0
alcohol,1,80,9.5,0.540952380952381,4.0,357713.0,1.06,1.06,18.5,1615.25,2.5,83.72,479438.25,1597.75,4.0,477832.0
alcohol,1,81,8.75,0.5241666666666667,5.0,361777.0,1.0775000000000001,1.0775000000000001,17.5,1880.0,2.75,85.565,483767.25,1863.5,5.0,481896.0
alcohol,1,82,9.5,0.4355850522026992,7.0,365951.0,1.0566666666666664,1.0566666666666664,21.833333333333332,1906.1666666666667,3.5,91.24333333333334,487963.8333333333,1885.3333333333333,7.0,486070.0
alcohol,1,83,7.5,0.4643732492997199,5.0,370705.0,0.9675,0.9675,16.25,2642.25,3.25,75.73499999999999,493457.5,2627.0,5.0,490824.0
alcohol,1,84,7.142857142857143,0.4929705215419501,8.0,375010.0,0.7857142857142858,0.7857142857142858,14.571428571428571,2061.4285714285716,4.428571428571429,61.50142857142857,497183.0,2047.857142857143,8.0,495129.0
alcohol,1,85,7.0,0.39685327572324475,8.0,379118.0,0.7942857142857143,0.7942857142857143,17.714285714285715,1975.5714285714287,4.142857142857143,68.14571428571428,501201.85714285716,1958.857142857143,8.0,499237.0
alcohol,1,86,8.4,0.4406349206349206,6.0,383730.0,0.9959999999999999,0.9959999999999999,19.6,1878.2,3.0,83.25999999999999,505716.0,1859.6,6.0,503849.0
alcohol,1,87,7.333333333333333,0.4417989417989418,4.0,387679.0,0.9133333333333332,0.9133333333333332,17.0,1758.3333333333333,2.0,71.52333333333333,509546.6666666667,1742.3333333333333,4.0,507798.0
alcohol,1,88,8.0,0.43725955204216077,5.0,391855.0,0.788,0.788,19.0,2282.0,3.0,70.688,514245.0,2264.0,5.0,511974.0
alcohol,1,89,8.666666666666666,0.47826086956521735,4.0,395855.0,1.0033333333333334,1.0033333333333334,18.333333333333332,2470.3333333333335,2.0,81.04333333333334,518434.6666666667,2453.0,4.0,515974.0
alcohol,1,90,6.2,0.4837606837606837,6.0,400478.0,0.6140000000000001,0.6140000000000001,13.4,1596.2,3.0,51.746,522186.0,1583.8,6.0,520597.0
alcohol,1,91,8.166666666666666,0.44294518977181513,7.0,404913.0,0.9966666666666667,0.9966666666666667,18.5,1877.1666666666667,4.0,75.96166666666666,526898.8333333334,1859.6666666666667,7.0,525032.0
alcohol,1,92,8.0,0.46726190476190477,9.0,409504.0,0.9071428571428571,0.9071428571428571,17.428571428571427,1932.2857142857142,4.857142857142857,73.20142857142858,531545.8571428572,1915.857142857143,9.0,529623.0
alcohol,1,93,9.166666666666666,0.4736694677871148,7.0,414351.0,1.1633333333333333,1.1633333333333333,19.333333333333332,1941.6666666666667,3.5,87.40500000000002,536401.5,1923.3333333333333,7.0,534470.0
alcohol,1,94,9.2,0.4344213564213564,6.0,419151.0,1.082,1.082,21.2,2016.0,3.0,89.30199999999999,541274.0,1995.8,6.0,539270.0
alcohol,1,95,8.8,0.43778985507246376,6.0,423794.0,1.0340000000000003,1.0340000000000003,20.2,1980.4,3.4,84.232,545882.0,1961.2,6.0,543913.0
alcohol,1,96,6.0,0.4045584045584046,4.0,428097.0,0.6866666666666666,0.6866666666666666,14.666666666666666,1908.3333333333333,2.0,53.919999999999995,550115.6666666666,1894.6666666666667,4.0,548216.0
alcohol,2,1,10.0,0.5886243386243386,3.0,0.0,1.1733333333333331,1.1733333333333331,17.0,695.0,2.0,92.49666666666667,87643.0,679.0,3.0,86955.0
alcohol,2,2,7.5,0.5453823953823954,5.0,3963.0,0.845,0.845,14.25,1419.25,2.75,70.6725,92330.5,1406.0,5.0,90918.0
alcohol,2,3,9.428571428571429,0.5060365350870577,8.0,8313.0,0.9428571428571428,0.9428571428571428,24.428571428571427,2025.857142857143,4.428571428571429,204.51,97278.85714285714,2002.4285714285713,8.0,95268.0
alcohol,2,4,7.857142857142857,0.5504512268814329,8.0,12952.0,0.9000000000000001,0.9000000000000001,14.714285714285714,1868.857142857143,4.285714285714286,69.64285714285714,101769.0,1855.142857142857,8.0,99907.0
alcohol,2,5,7.0,0.5750000000000001,6.0,17113.0,0.6900000000000001,0.6900000000000001,12.0,1823.3333333333333,3.0,60.796666666666674,105886.33333333333,1812.3333333333333,6.0,104068.0
alcohol,2,6,8.0,0.5703914141414141,5.0,21497.0,0.9999999999999999,0.9999999999999999,14.25,2276.75,3.0,76.2625,110722.5,2263.5,5.0,108452.0
alcohol,2,7,7.6,0.5537710944026732,6.0,25399.0,0.9199999999999999,0.9199999999999999,13.8,1930.2,3.4,70.6,114278.0,1917.4,6.0,112354.0
alcohol,2,8,8.0,0.5424242424242424,6.0,29431.0,0.9125,0.9125,14.75,1961.5,4.0,70.80000000000001,118340.75,1947.75,6.0,116386.0
alcohol,2,9,9.666666666666666,0.5880952380952381,4.0,33545.0,1.13,1.13,17.666666666666668,1938.6666666666667,2.3333333333333335,82.47666666666667,122430.66666666667,1922.0,4.0,120500.0
alcohol,2,10,8.0,0.5724696356275304,4.0,37996.0,0.8366666666666666,0.8366666666666666,14.0,2355.3333333333335,2.6666666666666665,66.17333333333333,127300.33333333333,2342.3333333333335,4.0,124951.0
alcohol,2,11,20.0,0.5859010270774977,5.0,42536.0,0.9666666666666668,0.9666666666666668,33.666666666666664,1203.0,2.6666666666666665,137.6866666666667,130680.33333333333,1170.3333333333333,5.0,129491.0
alcohol,2,12,9.25,0.5496077149395228,5.0,46662.0,1.225,1.225,17.0,1409.0,2.5,96.67499999999998,135018.25,1393.0,5.0,133617.0
alcohol,2,13,7.4,0.4987734487734487,6.0,51080.0,1.05,1.05,14.6,1558.4,4.0,80.112,139586.2,1544.8,6.0,138035.0
alcohol,2,14,5.666666666666667,0.6259157509157509,5.0,55255.0,0.5066666666666667,0.5066666666666667,9.333333333333334,3985.0,4.0,46.40333333333333,146191.33333333334,3976.6666666666665,5.0,142210.0
alcohol,2,15,8.6,0.5293273290177314,6.0,59751.0,1.198,1.198,16.4,1966.2,3.4,84.738,148664.4,1950.8,6.0,146706.0
alcohol,2,16,5.333333333333333,0.5639730639730639,5.0,64026.0,0.47000000000000003,0.47000000000000003,9.333333333333334,2139.6666666666665,3.3333333333333335,46.973333333333336,153116.66666666666,2131.3333333333335,5.0,150981.0
alcohol,2,17,8.5,0.5357142857142857,3.0,68346.0,0.9349999999999999,0.9349999999999999,15.5,998.0,1.5,70.23,156292.0,983.5,3.0,155301.0
alcohol,2,18,9.4,0.5280665766981556,6.0,72281.0,1.35,1.35,18.0,1939.6,3.4,95.578,161167.0,1922.6,6.0,159236.0
alcohol,2,19,7.75,0.5796218487394957,5.0,76634.0,0.8425,0.8425,13.5,997.75,2.5,65.27250000000001,164581.0,985.25,5.0,163589.0
alcohol,2,20,7.333333333333333,0.549074074074074,4.0,81050.0,0.89,0.89,13.666666666666666,2188.6666666666665,2.3333333333333335,66.53,170187.33333333334,2176.0,4.0,168005.0
alcohol,2,21,8.0,0.4903540903540904,4.0,85576.0,0.9566666666666667,0.9566666666666667,16.333333333333332,2731.6666666666665,2.6666666666666665,68.74333333333333,175254.33333333334,2716.3333333333335,4.0,172531.0
alcohol,2,22,9.4,0.5568433697589708,6.0,89687.0,1.246,1.246,17.0,1806.8,3.4,91.988,178441.2,1790.8,6.0,176642.0
alcohol,2,23,5.333333333333333,0.5222222222222223,4.0,94553.0,0.5233333333333333,0.5233333333333333,10.333333333333334,1552.6666666666667,2.6666666666666665,47.656666666666666,183055.66666666666,1543.3333333333333,4.0,181508.0
alcohol,2,24,10.0,0.5739926353316447,6.0,99367.0,1.29,1.29,17.5,1681.25,3.5,93.9925,187995.75,1664.75,6.0,186322.0
alcohol,2,25,6.4,0.55004329004329,6.0,103676.0,0.668,0.668,11.8,1965.0,3.6,54.79200000000001,192590.6,1954.2,6.0,190631.0
alcohol,2,26,8.666666666666666,0.562017692452475,4.0,108073.0,1.0066666666666668,1.0066666666666668,16.0,1916.6666666666667,2.3333333333333335,67.58333333333333,196937.33333333334,1901.6666666666667,4.0,195028.0
alcohol,2,27,8.5,0.5800133689839573,6.0,113480.0,0.96,0.96,14.75,1444.5,3.75,73.3025,201873.25,1430.75,6.0,200435.0
alcohol,2,28,9.333333333333334,0.5570261437908496,5.0,118314.0,1.3233333333333333,1.3233333333333333,17.0,1242.6666666666667,2.0,93.74333333333334,206504.0,1226.6666666666667,5.0,205269.0
alcohol,2,29,8.8,0.5182857142857143,7.0,123192.0,1.1520000000000001,1.1520000000000001,17.2,2412.8,4.2,83.18800000000002,212551.4,2396.6,7.0,210147.0
alcohol,2,30,11.0,0.5293748938969528,7.0,127818.0,1.7400000000000002,1.7400000000000002,21.0,1675.6666666666667,4.0,123.295,216438.66666666666,1655.6666666666667,7.0,214773.0
alcohol,2,31,9.142857142857142,0.5838996204542424,8.0,132394.0,1.1657142857142855,1.1657142857142855,16.142857142857142,2692.4285714285716,4.857142857142857,87.43285714285715,222034.42857142858,2677.285714285714,8.0,219349.0
alcohol,2,32,11.0,0.49738554460685874,8.0,136602.0,1.0942857142857143,1.0942857142857143,26.0,2388.0,4.857142857142857,139.93714285714285,225930.0,2363.0,8.0,223557.0
alcohol,2,33,9.166666666666666,0.5331827042353359,9.0,140809.0,1.2133333333333334,1.2133333333333334,17.166666666666668,2192.0,4.5,88.10666666666667,229948.0,2175.8333333333335,9.0,227764.0
alcohol,2,34,10.666666666666666,0.5630817983759161,4.0,145446.0,1.3066666666666666,1.3066666666666666,19.0,1932.6666666666667,2.6666666666666665,92.95,234325.33333333334,1914.6666666666667,4.0,232401.0
alcohol,2,35,8.0,0.5863642697881829,5.0,149628.0,0.8675000000000002,0.8675000000000002,14.0,1424.75,2.75,71.41499999999999,238001.75,1411.75,5.0,236583.0
alcohol,2,36,9.5,0.5954545454545455,3.0,154330.0,1.01,1.01,16.0,1755.0,2.0,75.91,243033.5,1740.0,3.0,241285.0
alcohol,2,37,8.142857142857142,0.5315415691968487,8.0,158569.0,1.0142857142857142,1.0142857142857142,15.142857142857142,1792.0,4.857142857142857,73.89857142857143,247309.0,1777.857142857143,8.0,245524.0
alcohol,2,38,7.75,0.5467032967032968,6.0,162598.0,0.7825,0.7825,14.25,1740.75,3.25,59.045,251287.25,1727.5,6.0,249553.0
alcohol,2,39,8.333333333333334,0.5112867808519983,5.0,167242.0,1.1700000000000002,1.1700000000000002,16.333333333333332,1536.3333333333333,2.3333333333333335,86.28333333333335,255725.33333333334,1521.0,5.0,254197.0
alcohol,2,40,10.5,0.5622767325553704,7.0,171881.0,1.3950000000000002,1.3950000000000002,18.833333333333332,2160.5,3.5,96.36833333333333,260988.16666666666,2142.6666666666665,7.0,258836.0
alcohol,2,41,7.666666666666667,0.456140350877193,4.0,176329.0,1.0433333333333332,1.0433333333333332,17.0,744.3333333333334,2.0,73.41666666666667,264019.0,728.3333333333334,4.0,263284.0
alcohol,2,42,5.666666666666667,0.5093563843563844,8.0,180476.0,0.5916666666666667,0.5916666666666667,11.166666666666666,2329.6666666666665,4.333333333333333,50.65833333333333,269755.1666666667,2319.5,8.0,267431.0
alcohol,2,43,9.5,0.5513366750208856,7.0,186026.0,1.1900000000000002,1.1900000000000002,17.333333333333332,2133.5,4.0,86.63,275106.6666666667,2117.1666666666665,7.0,272981.0
alcohol,2,44,9.2,0.5302413273001508,6.0,190378.0,1.1260000000000001,1.1260000000000001,17.4,1712.8,3.4,83.648,279037.6,1696.4,6.0,277333.0
alcohol,2,45,9.333333333333334,0.5388443256090315,5.0,194263.0,1.1433333333333333,1.1433333333333333,17.333333333333332,1749.6666666666667,2.6666666666666665,80.99666666666667,282959.6666666667,1733.3333333333333,5.0,281218.0
alcohol,2,46,8.0,0.5572272498743086,8.0,198412.0,0.9366666666666666,0.9366666666666666,14.333333333333334,2331.8333333333335,4.166666666666667,71.265,287692.5,2318.5,8.0,285367.0
alcohol,2,47,8.333333333333334,0.5246031746031746,5.0,203079.0,0.9833333333333334,0.9833333333333334,16.0,1874.3333333333333,2.3333333333333335,79.27,291900.6666666667,1859.3333333333333,5.0,290034.0
alcohol,2,48,9.0,0.5454545454545454,3.0,207544.0,1.14,1.14,16.5,1166.0,1.5,78.69500000000001,295657.5,1150.5,3.0,294499.0
alcohol,2,49,15.909090909090908,0.4450293564842399,11.0,216355.0,7.571818181818182,7.571818181818182,38.81818181818182,1860.0,6.0,304.30727272727273,305147.0909090909,1822.1818181818182,11.0,303310.0
alcohol,2,50,15.0,0.48261441200557187,8.0,220298.0,5.881428571428572,5.881428571428572,34.42857142857143,1927.857142857143,4.571428571428571,264.19714285714286,309161.4285714286,1894.4285714285713,8.0,307253.0
alcohol,2,51,12.571428571428571,0.4600747172440049,8.0,224539.0,4.1499999999999995,4.1499999999999995,29.0,2515.0,4.714285714285714,202.70857142857145,313992.5714285714,2487.0,8.0,311494.0
alcohol,2,52,16.333333333333332,0.47888981019437854,9.0,228919.0,6.955555555555556,6.955555555555556,37.22222222222222,1965.7777777777778,5.0,283.95666666666665,317818.8888888889,1929.5555555555557,9.0,315874.0
alcohol,2,53,12.625,0.5220605611971836,9.0,233096.0,3.5025000000000004,3.5025000000000004,24.75,2126.375,5.25,171.9175,322165.25,2102.625,9.0,320051.0
alcohol,2,54,14.285714285714286,0.4463617428323311,8.0,237275.0,5.11,5.11,35.57142857142857,2231.1428571428573,4.571428571428571,200.83714285714288,326439.85714285716,2196.5714285714284,8.0,324230.0
alcohol,2,55,13.0,0.5244360902255638,5.0,241882.0,3.5949999999999998,3.5949999999999998,25.0,1172.0,2.75,167.1525,329997.0,1148.0,5.0,328837.0
alcohol,2,56,7.0,0.6076923076923078,3.0,245816.0,0.6399999999999999,0.6399999999999999,11.5,3264.5,2.5,53.175,336031.0,3254.0,3.0,332771.0
alcohol,2,57,9.5,0.5416666666666667,3.0,249801.0,1.3050000000000002,1.3050000000000002,17.5,3211.0,1.5,86.375,339959.0,3194.5,3.0,336756.0
alcohol,2,58,9.0,0.45,2.0,254281.0,0.96,0.96,20.0,3319.0,2.0,69.28,344544.0,3300.0,2.0,341236.0
alcohol,2,59,10.0,0.5882352941176471,2.0,258599.0,1.1,1.1,17.0,3705.0,2.0,84.93,349252.0,3689.0,2.0,345554.0
alcohol,2,60,19.375,0.45219866893112304,9.0,263239.0,8.61875,8.61875,43.625,1665.625,4.5,311.405,351835.375,1623.0,9.0,350194.0
alcohol,2,61,3.0,0.42857142857142855,1.0,267768.0,0.27,0.27,7.0,3288.0,1.0,34.41,358007.0,3282.0,1.0,354723.0
alcohol,2,62,9.75,0.4718610646599777,7.0,271608.0,1.6275,1.6275,20.5,3210.25,5.5,103.25999999999999,361762.5,3190.75,7.0,358563.0
alcohol,2,63,7.5,0.575657894736842,3.0,276140.0,0.855,0.855,13.5,2051.0,2.0,68.0,365140.0,2038.5,3.0,363095.0
alcohol,2,64,9.0,0.5113636363636364,4.0,280343.0,1.175,1.175,17.75,3159.0,2.5,82.43,370448.25,3142.25,4.0,367298.0
alcohol,2,65,11.0,0.4746588693957115,4.0,284842.0,2.55,2.55,25.0,3092.6666666666665,3.0,138.78666666666666,374875.6666666667,3068.6666666666665,4.0,371797.0
alcohol,2,66,9.5,0.5016891891891893,3.0,289227.0,1.57,1.57,22.5,2722.0,2.0,72.055,378891.0,2700.5,3.0,376182.0
alcohol,2,67,16.333333333333332,0.5506740013876499,3.0,293192.0,1.2666666666666668,1.2666666666666668,30.0,3264.0,2.0,161.51666666666668,383397.3333333333,3235.0,3.0,380147.0
alcohol,2,68,11.0,0.5251317523056653,5.0,297577.0,1.61,1.61,21.0,2196.5,3.25,106.1575,386718.5,2176.5,5.0,384532.0
alcohol,2,69,15.0,0.4686829589930365,7.0,301880.0,6.601666666666667,6.601666666666667,34.666666666666664,2128.8333333333335,4.0,250.14833333333334,390944.1666666667,2095.1666666666665,7.0,388835.0
alcohol,2,70,11.0,0.47721654973038125,9.0,306072.0,2.9587499999999998,2.9587499999999998,25.875,2378.125,5.125,162.79125000000002,395390.25,2353.25,9.0,393027.0
alcohol,2,71,13.0,0.4670265503330519,6.0,310489.0,4.324,4.324,30.2,2426.2,3.0,197.17600000000002,399853.0,2397.0,6.0,397444.0
alcohol,2,72,9.5,0.552536231884058,3.0,314439.0,1.255,1.255,17.5,3281.5,2.5,93.505,404667.5,3265.0,3.0,401394.0
alcohol,2,73,13.777777777777779,0.4181693689617394,11.0,318728.0,6.062222222222221,6.062222222222221,41.22222222222222,1721.7777777777778,5.666666666666667,261.6944444444445,407377.3333333333,1681.5555555555557,11.0,405683.0
alcohol,2,74,12.166666666666666,0.49962545436683364,7.0,323324.0,3.315,3.315,26.333333333333332,2152.0,4.0,177.99666666666667,412416.8333333333,2126.6666666666665,7.0,410279.0
alcohol,2,75,12.714285714285714,0.47134756483440693,8.0,327831.0,3.4028571428571426,3.4028571428571426,28.857142857142858,1794.4285714285713,4.285714285714286,188.19285714285712,416564.28571428574,1766.5714285714287,8.0,414786.0
alcohol,2,76,14.0,0.4212345917289816,8.0,332409.0,5.278571428571429,5.278571428571429,35.857142857142854,2028.142857142857,4.428571428571429,227.3342857142857,421370.28571428574,1993.2857142857142,8.0,419364.0
alcohol,2,77,13.0,0.4295483543382703,8.0,336807.0,4.627142857142857,4.627142857142857,32.714285714285715,2040.7142857142858,4.428571428571429,208.5371428571429,425783.0,2009.0,8.0,423762.0
alcohol,2,78,7.5,0.5773809523809523,4.0,341339.0,0.725,0.725,13.0,3336.5,2.5,56.945,431625.0,3324.5,4.0,428294.0
alcohol,2,79,9.666666666666666,0.516569200779727,4.0,345975.0,1.31,1.31,18.666666666666668,3033.3333333333335,3.0,93.18333333333334,435954.3333333333,3015.6666666666665,4.0,432930.0
alcohol,2,80,11.0,0.4865711462450593,5.0,350040.0,1.6624999999999999,1.6624999999999999,22.5,1971.5,2.5,111.86999999999999,438955.0,1950.0,5.0,436995.0
alcohol,2,81,8.0,0.5828460038986355,4.0,354632.0,0.8766666666666666,0.8766666666666666,14.333333333333334,2413.3333333333335,2.0,66.39,443994.0,2400.0,4.0,441587.0
alcohol,2,82,19.666666666666668,0.4692657569850553,4.0,359449.0,2.0366666666666666,2.0366666666666666,39.333333333333336,2367.0,2.3333333333333335,187.82666666666668,448751.3333333333,2328.6666666666665,4.0,446404.0
alcohol,2,83,7.666666666666667,0.4388422035480859,3.0,363800.0,1.9400000000000002,1.9400000000000002,17.333333333333332,3578.0,2.0,111.45333333333333,454323.3333333333,3561.6666666666665,3.0,450755.0
alcohol,2,84,12.4,0.47848325717793083,7.0,367815.0,2.564,2.564,27.0,2647.6,4.0,156.164,457403.0,2621.6,7.0,454770.0
alcohol,2,85,12.833333333333334,0.46159392668826627,8.0,372072.0,3.6633333333333336,3.6633333333333336,30.0,2338.3333333333335,5.5,189.03333333333333,461348.1666666667,2309.3333333333335,8.0,459027.0
alcohol,2,86,8.666666666666666,0.49607843137254903,4.0,375976.0,1.1600000000000001,1.1600000000000001,18.0,3064.0,3.0,76.8,465985.6666666667,3047.0,4.0,462931.0
alcohol,2,87,8.666666666666666,0.5105882352941177,5.0,380539.0,1.2933333333333332,1.2933333333333332,17.333333333333332,2510.0,3.3333333333333335,89.76333333333332,469995.3333333333,2493.6666666666665,5.0,467494.0
alcohol,2,88,9.666666666666666,0.4427041024942075,7.0,384567.0,1.285,1.285,22.5,3255.0,4.333333333333333,100.66666666666667,474764.1666666667,3233.5,7.0,471522.0
alcohol,2,89,12.625,0.48904417575470216,9.0,389303.0,2.8575,2.8575,25.5,3020.0,5.25,180.41499999999996,479265.125,2995.5,9.0,476258.0
alcohol,2,90,15.875,0.39789066727295536,9.0,394122.0,6.78125,6.78125,43.75,2489.375,5.5,297.55999999999995,483538.5,2446.625,9.0,481077.0
alcohol,2,91,8.0,0.45034911325233906,5.0,398455.0,1.2650000000000001,1.2650000000000001,17.75,2563.25,3.25,87.36,487963.5,2546.5,5.0,485410.0
alcohol,2,92,15.0,0.39929913136469053,9.0,402858.0,7.0600000000000005,7.0600000000000005,43.0,1903.875,5.0,286.34125,491688.875,1861.875,9.0,489813.0
alcohol,2,93,12.5,0.48214285714285715,3.0,406986.0,2.3,2.3,26.0,3257.5,2.5,158.87,497185.0,3232.5,3.0,493941.0
alcohol,2,94,13.6,0.41054777013925614,5.0,411037.0,4.746,4.746,36.0,2303.4,3.0,225.39600000000002,500273.0,2268.4,5.0,497992.0
alcohol,2,95,8.0,0.5333333333333333,2.0,415145.0,0.94,0.94,15.0,3707.0,2.0,74.19,505800.0,3693.0,2.0,502100.0
alcohol,2,96,13.4,0.4548809523809524,6.0,419371.0,3.9979999999999998,3.9979999999999998,30.4,1991.0,3.8,224.704,508300.0,1961.6,6.0,506326.0
alcohol,4,1,12.214285714285714,0.394032520956911,14.0,0.0,2.5928571428571425,2.5928571428571425,32.5,2320.8571428571427,7.5,166.3607142857143,4291762.571428572,2289.3571428571427,14.0,4289462.0
alcohol,4,2,9.666666666666666,0.4513333475576038,9.0,4441.0,1.6066666666666667,1.6066666666666667,21.88888888888889,2970.3333333333335,5.0,116.13555555555556,4296861.111111111,2949.4444444444443,9.0,4293903.0
alcohol,4,3,11.166666666666666,0.36201658211967486,6.0,10059.0,2.1816666666666666,2.1816666666666666,38.0,2705.5,3.5,143.83666666666667,4302199.666666667,2668.5,6.0,4299521.0
alcohol,4,4,10.0,0.457638150121928,8.0,14714.0,1.1687500000000002,1.1687500000000002,23.625,1882.25,4.5,108.89,4306044.625,1859.625,8.0,4304176.0
alcohol,4,5,9.666666666666666,0.45810439560439553,8.0,19433.0,0.895,0.895,22.333333333333332,1669.6666666666667,3.5,66.67166666666667,4310552.0,1648.3333333333333,8.0,4308895.0
alcohol,4,6,16.875,0.4948774644219559,10.0,24040.0,2.105,2.105,31.875,2589.5,4.5,137.2425,4316076.5,2558.625,10.0,4313502.0
alcohol,4,7,8.777777777777779,0.4424981333930323,11.0,28744.0,0.99,0.99,20.11111111111111,1902.888888888889,5.0,88.40222222222222,4320097.555555556,1883.7777777777778,11.0,4318206.0
alcohol,4,8,7.5,0.3633954678362573,6.0,33115.0,0.5925,0.5925,21.25,2146.0,3.5,63.08,4324709.25,2125.75,6.0,4322577.0
alcohol,4,9,6.333333333333333,0.3710710632617326,8.0,37771.0,0.5499999999999999,0.5499999999999999,17.833333333333332,2330.3333333333335,3.5,58.62833333333333,4329551.833333333,2313.5,8.0,4327233.0
alcohol,4,10,10.0,0.49042443064182195,8.0,42535.0,0.6433333333333334,0.6433333333333334,22.5,2815.0,4.5,79.65499999999999,4334799.5,2793.5,8.0,4331997.0
alcohol,4,11,12.125,0.4545282472400164,11.0,46985.0,2.41875,2.41875,27.375,2534.75,5.25,168.25625000000002,4338966.5,2508.375,11.0,4336447.0
alcohol,4,12,17.11111111111111,0.48637967152673034,9.0,52219.0,1.9788888888888891,1.9788888888888891,34.77777777777778,3613.4444444444443,5.0,180.03,4345276.777777778,3579.6666666666665,9.0,4341681.0
alcohol,4,13,9.166666666666666,0.40147619250003547,8.0,59144.0,0.9033333333333333,0.9033333333333333,23.166666666666668,1945.1666666666667,4.5,89.64999999999999,4350537.166666667,1923.0,8.0,4348606.0
alcohol,4,14,11.0,0.4025633640552995,7.0,63594.0,0.9683333333333334,0.9683333333333334,35.5,1739.0,3.5,101.89666666666666,4354770.5,1704.5,7.0,4353056.0
alcohol,4,15,9.833333333333334,0.4873958361705541,6.0,68183.0,0.8616666666666667,0.8616666666666667,22.5,2588.8333333333335,3.5,65.25833333333333,4360221.166666667,2567.3333333333335,6.0,4357645.0
alcohol,4,16,7.833333333333333,0.37644862604540025,7.0,73385.0,0.695,0.695,21.0,1994.3333333333333,4.0,65.415,4364828.166666667,1974.3333333333333,7.0,4362847.0
alcohol,4,17,8.5,0.47705938697318007,5.0,77657.0,0.86,0.86,20.25,2297.75,3.25,76.21249999999999,4369405.0,2278.5,5.0,4367119.0
alcohol,4,18,16.166666666666668,0.4707466039689003,7.0,82043.0,0.955,0.955,31.333333333333332,2231.8333333333335,3.5,75.37666666666667,4373721.666666667,2201.5,7.0,4371505.0
alcohol,4,19,9.666666666666666,0.4084291187739464,3.0,86471.0,1.09,1.09,24.333333333333332,1634.6666666666667,2.0,98.77666666666666,4377553.0,1611.3333333333333,3.0,4375933.0
alcohol,4,20,7.5,0.4698142414860681,5.0,90922.0,0.8175,0.8175,16.0,1634.25,3.0,60.5875,4382009.75,1619.25,5.0,4380384.0
alcohol,4,21,6.25,0.35917755991285405,6.0,95370.0,0.505,0.505,19.0,1884.5,2.5,53.345,4386703.75,1866.5,6.0,4384832.0
alcohol,4,22,7.25,0.49258373205741623,5.0,99900.0,0.6849999999999999,0.6849999999999999,14.5,1451.0,3.0,59.830000000000005,4390805.75,1437.5,5.0,4389362.0
alcohol,4,23,11.8,0.7043653250773995,7.0,104316.0,0.48599999999999993,0.48599999999999993,16.0,2332.6,3.6,45.492,4396106.4,2317.6,7.0,4393778.0
alcohol,4,24,12.5,0.44254553408096714,6.0,110538.0,0.9033333333333332,0.9033333333333332,35.333333333333336,2248.1666666666665,3.5,94.7,4402225.333333333,2213.8333333333335,6.0,4400000.0
alcohol,4,25,5.714285714285714,0.4500491154626493,8.0,115288.0,0.5014285714285714,0.5014285714285714,13.714285714285714,2125.8571428571427,4.142857142857143,51.72428571428571,4406867.857142857,2113.1428571428573,8.0,4404750.0
alcohol,4,26,5.714285714285714,0.3791518938577762,9.0,119800.0,0.5485714285714286,0.5485714285714286,15.714285714285714,2453.714285714286,4.0,50.53142857142857,4411705.714285715,2439.0,9.0,4409262.0
alcohol,4,27,8.375,0.39680824255055136,8.0,125244.0,0.85125,0.85125,21.0,2482.875,4.5,78.285,4417176.25,2462.875,8.0,4414706.0
alcohol,4,28,6.833333333333333,0.4063868822382754,6.0,129770.0,0.5883333333333334,0.5883333333333334,21.5,2140.5,3.5,54.580000000000005,4421357.833333333,2120.0,6.0,4419232.0
alcohol,4,29,10.88888888888889,0.4506392504452298,10.0,134186.0,2.2444444444444445,2.2444444444444445,25.88888888888889,2926.0,5.333333333333333,135.51999999999998,4426559.0,2901.1111111111113,10.0,4423648.0
alcohol,4,30,6.714285714285714,0.39262483548197835,7.0,139593.0,0.5514285714285715,0.5514285714285715,18.285714285714285,2101.1428571428573,4.0,62.87285714285714,4431144.571428572,2083.8571428571427,7.0,4429055.0
alcohol,4,31,8.25,0.42630019283121595,11.0,143949.0,0.7175000000000001,0.7175000000000001,21.125,1932.125,5.75,82.5975,4435330.25,1912.0,11.0,4433411.0
alcohol,4,32,10.166666666666666,0.5372000773993807,8.0,148473.0,1.2,1.2,21.5,2883.1666666666665,5.0,110.73500000000001,4440806.833333333,2862.6666666666665,8.0,4437935.0
alcohol,4,33,7.6,0.421752599890531,11.0,152840.0,0.704,0.704,18.9,1894.1,5.5,73.90299999999999,4444184.8,1876.2,11.0,4442302.0
alcohol,4,34,8.25,0.46074224539844233,11.0,157099.0,0.89,0.89,19.0,2463.25,5.375,84.5275,4449013.5,2445.25,11.0,4446561.0
alcohol,4,35,8.875,0.5420272435897435,9.0,162185.0,1.34625,1.34625,16.375,2906.125,5.25,98.25874999999999,4454545.625,2890.75,9.0,4451647.0
alcohol,4,36,7.25,0.4611927546138072,11.0,167403.0,0.77125,0.77125,17.0,2598.125,4.875,70.17750000000001,4459453.375,2582.125,11.0,4456865.0
alcohol,4,37,9.5,0.48181830560507033,8.0,173368.0,1.44375,1.44375,20.0,3000.125,4.5,108.09500000000001,4465819.625,2981.125,8.0,4462830.0
alcohol,4,38,9.428571428571429,0.48815647956707126,9.0,177899.0,1.1457142857142857,1.1457142857142857,21.571428571428573,2201.285714285714,4.571428571428571,93.99857142857142,4469550.142857143,2180.714285714286,9.0,4467361.0
alcohol,4,39,8.5,0.4449839877471456,8.0,182649.0,0.9650000000000002,0.9650000000000002,19.5,2477.5,4.833333333333333,82.255,4474577.5,2459.0,8.0,4472111.0
alcohol,4,40,8.4,0.4088709677419355,6.0,187785.0,0.8920000000000001,0.8920000000000001,21.6,1292.8,3.2,85.28,4478526.6,1272.2,6.0,4477247.0
alcohol,4,41,9.25,0.3488859356320787,10.0,192700.0,1.23375,1.23375,27.125,2500.125,5.75,118.04875,4484644.25,2474.0,10.0,4482162.0
alcohol,4,42,8.4,0.5147049689440995,8.0,197194.0,0.768,0.768,18.0,2227.2,4.4,65.53599999999999,4488873.6,2210.2,8.0,4486656.0
alcohol,4,43,6.714285714285714,0.374475296191351,9.0,201946.0,0.6185714285714285,0.6185714285714285,18.0,2103.1428571428573,4.0,57.64,4493499.857142857,2086.1428571428573,9.0,4491408.0
alcohol,4,44,10.125,0.40986201298701297,8.0,207208.0,1.79,1.79,24.875,2718.75,4.5,127.0525,4499374.0,2694.875,8.0,4496670.0
alcohol,4,45,7.625,0.42697443203063074,9.0,211850.0,0.9299999999999999,0.9299999999999999,17.875,1927.75,5.125,81.005,4503229.5,1910.875,9.0,4501312.0
alcohol,4,46,9.25,0.4045643227386649,9.0,216202.0,0.9375,0.9375,24.75,3188.125,5.375,103.54625,4508836.625,3164.375,9.0,4505664.0
alcohol,4,47,11.1,0.4748105090625113,12.0,221449.0,1.1969999999999998,1.1969999999999998,24.1,2659.4,6.3,108.647,4513557.4,2636.3,12.0,4510911.0
alcohol,4,48,10.777777777777779,0.4610979850877549,11.0,226474.0,1.261111111111111,1.261111111111111,23.666666666666668,2402.1111111111113,6.333333333333333,111.95444444444445,4518325.222222222,2379.4444444444443,11.0,4515936.0
alcohol,4,49,14.636363636363637,0.40824918722245035,11.0,234188.0,5.11090909090909,5.11090909090909,37.90909090909091,2026.7272727272727,6.0,253.07909090909087,4525653.454545454,1989.8181818181818,11.0,4523650.0
alcohol,4,50,13.636363636363637,0.4354290619678665,11.0,238571.0,5.153636363636363,5.153636363636363,34.09090909090909,3442.5454545454545,6.0,241.63454545454545,4531455.090909091,3409.4545454545455,11.0,4528033.0
alcohol,4,51,13.571428571428571,0.37136939959301696,10.0,244332.0,6.242857142857145,6.242857142857145,37.42857142857143,2248.1428571428573,4.428571428571429,246.92428571428573,4536018.285714285,2211.714285714286,10.0,4533794.0
alcohol,4,52,15.875,0.37321411707874896,9.0,250536.0,5.21375,5.21375,71.75,2336.25,4.5,240.30874999999997,4542278.375,2265.5,9.0,4539998.0
alcohol,4,53,12.181818181818182,0.4377013276292711,12.0,254876.0,3.061818181818182,3.061818181818182,29.181818181818183,2069.181818181818,6.090909090909091,155.9181818181818,4546390.181818182,2041.0,12.0,4544338.0
alcohol,4,54,14.5,0.38414398298106783,11.0,260105.0,5.2562500000000005,5.2562500000000005,40.25,2656.375,4.875,234.83999999999997,4552197.625,2617.125,11.0,4549567.0
alcohol,4,55,14.5,0.4131902794561597,8.0,267115.0,5.423333333333333,5.423333333333333,35.666666666666664,2314.6666666666665,4.333333333333333,262.54833333333335,4558870.5,2280.0,8.0,4556577.0
alcohol,4,56,11.333333333333334,0.463947622884459,13.0,272103.0,2.516666666666667,2.516666666666667,25.5,2471.5,6.583333333333333,147.43166666666667,4564022.333333333,2447.0,13.0,4561565.0
alcohol,4,57,15.0,0.4620429097182525,9.0,276871.0,5.441428571428571,5.441428571428571,36.57142857142857,3342.5714285714284,5.0,248.33714285714285,4569654.0,3307.0,9.0,4566333.0
alcohol,4,58,12.833333333333334,0.4076855481957047,8.0,282279.0,4.341666666666667,4.341666666666667,32.833333333333336,2448.6666666666665,4.0,223.6783333333333,4574169.666666667,2416.8333333333335,8.0,4571741.0
alcohol,4,59,12.333333333333334,0.38808700491066606,10.0,286859.0,3.528888888888889,3.528888888888889,32.666666666666664,2682.3333333333335,5.222222222222222,187.68888888888887,4578983.0,2650.6666666666665,10.0,4576321.0
alcohol,4,60,12.333333333333334,0.543015873015873,5.0,292205.0,2.3866666666666667,2.3866666666666667,22.666666666666668,2383.6666666666665,3.3333333333333335,152.64666666666668,4584040.333333333,2362.0,5.0,4581667.0
alcohol,4,61,10.714285714285714,0.5154058174994135,9.0,296619.0,1.6900000000000002,1.6900000000000002,21.0,2534.4285714285716,4.571428571428571,118.91,4588605.142857143,2514.4285714285716,9.0,4586081.0
alcohol,4,62,13.375,0.46368487530920427,10.0,301931.0,3.31375,3.31375,30.0,3050.25,5.375,195.73749999999998,4594426.625,3021.25,10.0,4591393.0
alcohol,4,63,11.777777777777779,0.47791641893497183,11.0,306967.0,2.4833333333333334,2.4833333333333334,27.0,2935.5555555555557,5.444444444444445,146.11666666666667,4599349.333333333,2909.5555555555557,11.0,4596429.0
alcohol,4,64,11.4,0.4641592815786364,6.0,313033.0,2.316,2.316,25.0,2668.6,3.6,155.95,4605150.0,2644.6,6.0,4602495.0
alcohol,4,65,12.4,0.46094802516252364,11.0,317615.0,2.791,2.791,28.5,2247.4,5.6,155.07399999999998,4609308.3,2219.9,11.0,4607077.0
alcohol,4,66,10.5,0.5287162162162162,5.0,322873.0,2.18,2.18,22.5,505.5,1.5,104.48,4612828.5,484.0,5.0,4612335.0
alcohol,4,67,12.714285714285714,0.42792009792009794,7.0,327255.0,3.13,3.13,31.0,2329.5714285714284,4.0,174.41000000000003,4619028.285714285,2299.5714285714284,7.0,4616717.0
alcohol,4,68,12.0,0.5031776855252466,14.0,331529.0,2.5216666666666665,2.5216666666666665,25.416666666666668,2698.0833333333335,6.666666666666667,151.0583333333333,4623675.666666667,2673.6666666666665,14.0,4620991.0
alcohol,4,69,12.1,0.474269632960335,10.0,336856.0,2.6010000000000004,2.6010000000000004,26.4,2383.2,5.5,152.874,4628686.9,2357.8,10.0,4626318.0
alcohol,4,70,12.571428571428571,0.4535845107273679,8.0,341318.0,2.765714285714285,2.765714285714285,28.428571428571427,2369.0,4.0,165.18999999999997,4633133.142857143,2341.5714285714284,8.0,4630780.0
alcohol,4,71,13.0,0.4042328042328043,11.0,345832.0,3.513333333333333,3.513333333333333,33.111111111111114,2997.222222222222,5.222222222222222,192.55888888888887,4638271.111111111,2965.1111111111113,11.0,4635294.0
alcohol,4,72,8.5,0.4903846153846154,6.0,351000.0,1.1624999999999999,1.1624999999999999,17.5,2268.25,3.0,86.13,4642721.25,2251.75,6.0,4640462.0
alcohol,4,73,12.5,0.5027755145522306,7.0,355261.0,2.47,2.47,25.0,2005.8333333333333,4.0,160.02,4646716.333333333,1981.8333333333333,7.0,4644723.0
alcohol,4,74,9.5,0.45261582297869574,12.0,359656.0,1.1624999999999999,1.1624999999999999,21.0,3091.625,6.375,89.22874999999999,4652198.125,3071.625,12.0,4649118.0
alcohol,4,75,11.166666666666666,0.3861110992980188,7.0,366044.0,2.6566666666666667,2.6566666666666667,30.333333333333332,1962.6666666666667,3.8333333333333335,138.94833333333335,4657449.5,1933.3333333333333,7.0,4655506.0
alcohol,4,76,14.2,0.4523495550061014,6.0,370408.0,3.5120000000000005,3.5120000000000005,33.8,2950.4,3.6,217.32399999999998,4662800.8,2917.6,6.0,4659870.0
alcohol,4,77,17.75,0.5105410281539557,6.0,375211.0,5.1975,5.1975,35.0,2118.75,3.25,224.04999999999998,4666774.5,2084.75,6.0,4664673.0
alcohol,4,78,13.666666666666666,0.38762695135725167,11.0,379596.0,5.733333333333333,5.733333333333333,39.77777777777778,1667.6666666666667,5.444444444444445,213.32111111111112,4670699.555555556,1628.888888888889,11.0,4669058.0
alcohol,4,79,14.4,0.44108527131782943,7.0,383981.0,4.296,4.296,33.4,2037.8,3.6,249.37400000000002,4675461.8,2005.4,7.0,4673443.0
alcohol,4,80,13.833333333333334,0.34826083110490275,8.0,388604.0,5.168333333333334,5.168333333333334,41.5,2708.6666666666665,4.333333333333333,229.22333333333336,4680747.0,2668.1666666666665,8.0,4678066.0
alcohol,4,81,13.2,0.4622249177648897,8.0,393099.0,3.0580000000000003,3.0580000000000003,29.4,2515.0,3.6,180.27,4685059.8,2486.6,8.0,4682561.0
alcohol,4,82,14.0,0.4348371490859924,10.0,398124.0,3.841111111111111,3.841111111111111,33.888888888888886,2013.111111111111,5.444444444444445,219.2411111111111,4689579.222222222,1980.2222222222222,10.0,4687586.0
alcohol,4,83,12.625,0.44102985829959507,10.0,402619.0,3.1387499999999995,3.1387499999999995,31.625,2757.0,4.75,166.1125,4694819.0,2726.375,10.0,4692081.0
alcohol,4,84,14.818181818181818,0.43013474574953664,11.0,407354.0,4.621818181818182,4.621818181818182,35.27272727272727,2560.4545454545455,6.0,210.65272727272725,4699356.0,2526.181818181818,11.0,4696816.0
alcohol,4,85,13.1,0.4369691692466461,11.0,412872.0,3.1719999999999997,3.1719999999999997,33.2,2906.5,5.6,166.795,4705220.4,2874.3,11.0,4702334.0
alcohol,4,86,14.0,0.3805342326055718,7.0,418779.0,4.986666666666666,4.986666666666666,39.0,2580.0,4.166666666666667,226.61333333333332,4710796.0,2542.0,7.0,4708241.0
alcohol,4,87,11.0,0.4243655333987142,9.0,423645.0,1.8516666666666666,1.8516666666666666,25.833333333333332,2207.8333333333335,4.0,119.635,4715300.0,2183.0,9.0,4713107.0
alcohol,4,88,12.727272727272727,0.46545169625383526,12.0,428376.0,3.394545454545455,3.394545454545455,29.0,2451.4545454545455,7.0,184.9827272727273,4720273.181818182,2423.4545454545455,12.0,4717838.0
alcohol,4,89,12.0,0.43939190617934576,9.0,432888.0,2.9711111111111115,2.9711111111111115,27.77777777777778,2702.6666666666665,5.0,157.35222222222222,4725036.888888889,2675.8888888888887,9.0,4722350.0
alcohol,4,90,10.666666666666666,0.5124674150608551,8.0,437594.0,1.7066666666666663,1.7066666666666663,20.666666666666668,2014.3333333333333,3.8333333333333335,118.89666666666666,4729060.333333333,1994.6666666666667,8.0,4727056.0
alcohol,4,91,13.0,0.48917748917748916,3.0,442248.0,3.345,3.345,27.0,1092.5,1.5,204.835,4732788.5,1066.5,3.0,4731710.0
alcohol,4,92,13.666666666666666,0.5176518883415434,4.0,446555.0,3.1133333333333333,3.1133333333333333,26.333333333333332,3768.0,3.0,200.32333333333335,4739772.333333333,3742.6666666666665,4.0,4736017.0
alcohol,4,93,11.5,0.4472955747955748,10.0,450982.0,1.9112500000000001,1.9112500000000001,26.375,2672.125,5.375,126.00375000000001,4743101.25,2646.75,10.0,4740444.0
alcohol,4,94,13.166666666666666,0.43441769999348345,7.0,455577.0,5.266666666666667,5.266666666666667,32.666666666666664,1939.3333333333333,4.0,210.49999999999997,4746958.833333333,1907.6666666666667,7.0,4745039.0
alcohol,4,95,11.714285714285714,0.4079086740750076,8.0,459897.0,2.494285714285714,2.494285714285714,30.571428571428573,2241.285714285714,4.571428571428571,159.44,4751581.428571428,2211.714285714286,8.0,4749359.0
alcohol,4,96,10.75,0.5340158532572726,9.0,464378.0,1.8500000000000003,1.8500000000000003,20.375,2488.5,4.5,121.8175,4756318.875,2469.125,9.0,4753840.0
baseline,1,1,10.666666666666666,0.44507575757575757,7.0,0.0,2.538333333333333,2.538333333333333,25.166666666666668,1236.3333333333333,3.5,160.28166666666667,248209.83333333334,1212.1666666666667,7.0,246988.0
baseline,1,2,7.428571428571429,0.4495790269989355,7.0,4151.0,0.6728571428571429,0.6728571428571429,17.428571428571427,2013.0,4.0,63.16428571428571,253142.0,1996.5714285714287,7.0,251139.0
baseline,1,3,10.666666666666666,0.43960726105025477,7.0,8259.0,0.9049999999999999,0.9049999999999999,28.5,1647.8333333333333,4.166666666666667,141.67,256877.0,1620.3333333333333,7.0,255247.0
baseline,1,4,8.8,0.3838028369334371,6.0,12535.0,0.594,0.594,30.0,2217.4,4.0,152.76399999999998,261719.2,2188.4,6.0,259523.0
baseline,1,5,10.142857142857142,0.40664245799178333,8.0,17044.0,0.7871428571428571,0.7871428571428571,32.714285714285715,1996.2857142857142,4.142857142857143,128.03428571428574,266005.71428571426,1964.5714285714287,8.0,264032.0
baseline,1,6,7.0,0.3181818181818182,2.0,21428.0,0.62,0.62,22.0,445.0,1.0,51.58,268846.0,424.0,2.0,268416.0
baseline,1,7,6.666666666666667,0.4901960784313726,5.0,25666.0,0.7833333333333333,0.7833333333333333,13.666666666666666,1975.3333333333333,2.3333333333333335,62.06666666666667,274622.3333333333,1962.6666666666667,5.0,272654.0
baseline,1,8,12.375,0.4907020728631982,9.0,30453.0,4.2675,4.2675,22.875,3298.25,4.875,301.61375,280728.75,3276.375,9.0,277441.0
baseline,1,9,7.6,0.460858457735561,6.0,36325.0,0.8640000000000001,0.8640000000000001,16.6,1918.4,3.0,71.45400000000001,285222.4,1902.8,6.0,283313.0
baseline,1,10,21.166666666666668,0.4894364425119022,7.0,40675.0,0.8949999999999999,0.8949999999999999,42.166666666666664,2317.1666666666665,3.5,422.52,289959.1666666667,2276.0,7.0,287663.0
baseline,1,11,12.857142857142858,0.5013994305874101,8.0,45043.0,0.7857142857142857,0.7857142857142857,28.571428571428573,2149.285714285714,4.142857142857143,274.80285714285714,294164.5714285714,2121.714285714286,8.0,292031.0
baseline,1,12,5.285714285714286,0.5375069375069376,8.0,50052.0,0.5342857142857141,0.5342857142857141,9.857142857142858,2166.714285714286,4.428571428571429,49.03000000000001,299202.14285714284,2157.8571428571427,8.0,297040.0
baseline,1,13,7.75,0.521780303030303,6.0,54613.0,0.9175,0.9175,14.75,2071.25,3.5,78.36,303665.25,2057.5,6.0,301601.0
baseline,1,14,7.0,0.4403541290151197,8.0,59716.0,0.7614285714285715,0.7614285714285715,16.142857142857142,1726.5714285714287,4.285714285714286,63.26428571428572,308421.4285714286,1711.4285714285713,8.0,306704.0
baseline,1,15,6.0,0.3875,6.0,64167.0,0.5375,0.5375,16.5,1297.75,2.75,56.21,312442.25,1282.25,6.0,311155.0
baseline,1,16,8.625,0.47697863730472434,9.0,69429.0,1.0275,1.0275,18.5,1930.5,4.625,84.755,318337.625,1913.0,9.0,316417.0
baseline,1,17,7.0,0.4393398268398268,5.0,74385.0,0.7475,0.7475,16.5,1522.0,2.5,67.02000000000001,322885.5,1506.5,5.0,321373.0
baseline,1,18,6.7,0.455983393111876,11.0,78789.0,0.673,0.673,15.6,2446.5,6.0,62.00200000000001,328214.6,2431.9,11.0,325777.0
baseline,1,19,6.666666666666667,0.4625085789301476,10.0,84020.0,0.6755555555555555,0.6755555555555555,14.88888888888889,2316.8888888888887,5.111111111111111,59.48777777777778,333316.6666666667,2303.0,10.0,331008.0
baseline,1,20,7.875,0.4374465811965812,9.0,89367.0,0.78875,0.78875,19.0,2329.5,5.0,74.6425,338673.375,2311.5,9.0,336355.0
baseline,1,21,7.857142857142857,0.48795778065964396,8.0,94483.0,0.7600000000000001,0.7600000000000001,16.714285714285715,1545.142857142857,4.142857142857143,67.16,343007.28571428574,1529.4285714285713,8.0,341471.0
baseline,1,22,6.416666666666667,0.4497718412192097,14.0,99332.0,0.625,0.625,15.166666666666666,4061.4166666666665,7.75,59.78833333333333,350372.6666666667,4047.25,14.0,346320.0
baseline,1,23,7.333333333333333,0.4317502604906696,7.0,106611.0,0.765,0.765,17.833333333333332,2646.5,4.166666666666667,65.38166666666665,356235.0,2629.6666666666665,7.0,353599.0
baseline,1,24,6.444444444444445,0.41930415263748594,11.0,110981.0,0.6344444444444445,0.6344444444444445,17.11111111111111,3065.222222222222,5.777777777777778,54.74777777777778,361023.55555555556,3049.1111111111113,11.0,357969.0
baseline,1,25,6.375,0.49415697438395645,9.0,117025.0,0.6725,0.6725,13.625,1892.625,4.5,60.61750000000001,365898.375,1880.0,9.0,364013.0
baseline,1,26,5.857142857142857,0.4835421888053467,8.0,121619.0,0.642857142857143,0.642857142857143,12.714285714285714,2005.142857142857,4.0,54.42714285714286,370605.28571428574,1993.4285714285713,8.0,368607.0
baseline,1,27,7.75,0.471906712246302,9.0,126435.0,0.9175,0.9175,16.5,1808.25,4.875,71.095,375222.5,1792.75,9.0,373423.0
baseline,1,28,5.0,0.47967914438502673,5.0,131522.0,0.506,0.506,10.8,2840.8,3.0,45.226,381345.0,2831.0,5.0,378510.0
baseline,1,29,6.571428571428571,0.4174816098688279,8.0,136610.0,0.7742857142857142,0.7742857142857142,15.714285714285714,1783.0,4.428571428571429,63.40285714285715,385371.85714285716,1768.2857142857142,8.0,383598.0
baseline,1,30,6.833333333333333,0.46674893733717265,7.0,140851.0,0.7233333333333333,0.7233333333333333,15.0,3460.1666666666665,4.0,60.185,391291.0,3446.1666666666665,7.0,387839.0
baseline,1,31,8.875,0.43529390290784753,9.0,146515.0,0.83625,0.83625,26.625,2034.125,4.5,109.22875,395519.375,2008.5,9.0,393503.0
baseline,1,32,7.428571428571429,0.46077590456472445,8.0,151490.0,0.7957142857142857,0.7957142857142857,16.571428571428573,2514.8571428571427,4.0,68.54285714285713,400983.71428571426,2499.285714285714,8.0,398478.0
baseline,1,33,8.11111111111111,0.492027367496475,9.0,156805.0,1.0033333333333334,1.0033333333333334,16.77777777777778,2128.6666666666665,5.0,78.5611111111111,405913.0,2112.8888888888887,9.0,403793.0
baseline,1,34,7.888888888888889,0.4630018110303703,9.0,161398.0,0.6811111111111111,0.6811111111111111,21.444444444444443,1914.6666666666667,5.0,94.15444444444444,410287.1111111111,1894.2222222222222,9.0,408386.0
baseline,1,35,23.0,0.3366446419077998,3.0,165831.0,3.013333333333333,3.013333333333333,73.66666666666667,2350.0,2.0,509.82,415118.3333333333,2277.3333333333335,3.0,412819.0
baseline,1,36,6.75,0.4441240132416603,8.0,170231.0,0.7475,0.7475,15.625,2377.875,4.5,64.15499999999999,419588.0,2363.25,8.0,417219.0
baseline,1,37,15.25,0.3840169535952669,8.0,174581.0,0.63875,0.63875,50.625,2230.25,4.5,340.39124999999996,423763.875,2180.625,8.0,421569.0
baseline,1,38,7.0,0.4445134575569358,7.0,179058.0,0.8414285714285713,0.8414285714285713,16.0,1435.5714285714287,4.0,67.83857142857143,427472.5714285714,1420.5714285714287,7.0,426046.0
baseline,1,39,14.857142857142858,0.407257311898012,8.0,183251.0,0.6928571428571428,0.6928571428571428,41.42857142857143,1384.857142857143,4.285714285714286,239.34714285714287,431597.28571428574,1344.4285714285713,8.0,430239.0
baseline,1,40,19.5,0.5229706209969368,6.0,187430.0,0.8716666666666666,0.8716666666666666,42.833333333333336,1913.1666666666667,3.5,257.33833333333337,436307.8333333333,1871.3333333333333,6.0,434418.0
baseline,1,41,8.875,0.43107700811947225,9.0,191490.0,0.815,0.815,30.625,1740.5,4.5,109.23750000000001,440196.75,1710.875,9.0,438478.0
baseline,1,42,5.8,0.43888888888888894,6.0,195924.0,0.6220000000000001,0.6220000000000001,14.6,2529.8,4.0,58.94000000000001,445433.0,2516.2,6.0,442912.0
baseline,1,43,10.428571428571429,0.4188571329660439,7.0,200239.0,0.87,0.87,45.142857142857146,2283.285714285714,4.0,159.15714285714284,449475.5714285714,2239.1428571428573,7.0,447227.0
baseline,1,44,13.666666666666666,0.36720673738217596,10.0,204850.0,5.3311111111111105,5.3311111111111105,44.333333333333336,3979.222222222222,5.777777777777778,163.27333333333334,455786.55555555556,3935.8888888888887,10.0,451838.0
baseline,1,45,7.5,0.4223023300229182,8.0,210900.0,0.8575,0.8575,18.0,1979.25,4.5,69.95,459856.75,1962.25,8.0,457888.0
baseline,1,46,6.142857142857143,0.4428571428571428,7.0,215396.0,0.6671428571428571,0.6671428571428571,14.428571428571429,2090.285714285714,4.0,56.54285714285714,464466.0,2076.8571428571427,7.0,462384.0
baseline,1,47,8.555555555555555,0.45459197039656807,9.0,219397.0,0.8877777777777777,0.8877777777777777,20.77777777777778,2459.5555555555557,5.0,79.12111111111112,468832.3333333333,2439.777777777778,9.0,466385.0
baseline,1,48,8.545454545454545,0.43187338976812656,11.0,223873.0,0.8836363636363637,0.8836363636363637,30.636363636363637,3447.4545454545455,6.0,105.00181818181818,474286.36363636365,3417.818181818182,11.0,470861.0
baseline,1,49,15.6,0.42141380211200785,11.0,236931.0,5.25,5.25,40.1,2129.7,5.6,238.62000000000003,486024.2,2090.6,11.0,483919.0
baseline,1,50,14.071428571428571,0.39491330313923484,15.0,241155.0,4.638571428571429,4.638571428571429,39.42857142857143,1923.357142857143,7.571428571428571,237.89999999999995,490041.0,1884.9285714285713,15.0,488143.0
baseline,1,51,13.833333333333334,0.3942634066205098,14.0,245714.0,4.674166666666667,4.674166666666667,40.083333333333336,2079.9166666666665,7.75,236.14166666666668,494755.6666666667,2040.8333333333333,14.0,492702.0
baseline,1,52,16.4,0.38121638275884684,12.0,250262.0,7.2090000000000005,7.2090000000000005,47.4,1929.7,6.0,250.28699999999998,499148.7,1883.3,12.0,497250.0
baseline,1,53,16.5,0.42957477566852564,9.0,254450.0,6.893749999999998,6.893749999999998,42.5,1758.625,4.875,264.80375,503170.625,1717.125,9.0,501438.0
baseline,1,54,14.909090909090908,0.3551164490263706,13.0,258368.0,4.820000000000001,4.820000000000001,45.36363636363637,1977.7272727272727,7.0,238.37545454545452,507303.2727272727,1933.3636363636363,13.0,505356.0
baseline,1,55,22.88888888888889,0.45361345114189117,10.0,262371.0,6.494444444444444,6.494444444444444,46.888888888888886,1852.111111111111,5.333333333333333,260.98333333333335,511187.1111111111,1806.2222222222222,10.0,509359.0
baseline,1,56,13.8,0.36062477229351786,12.0,266870.0,6.075,6.075,40.7,2241.8,7.0,254.02400000000003,516072.9,2202.1,12.0,513858.0
baseline,1,57,13.307692307692308,0.42212687442327035,16.0,271125.0,4.326153846153845,4.326153846153845,34.23076923076923,2288.846153846154,8.461538461538462,198.77999999999994,520380.92307692306,2255.6153846153848,16.0,518113.0
baseline,1,58,14.166666666666666,0.38777522771854067,13.0,276240.0,5.7175,5.7175,39.916666666666664,1999.0,6.583333333333333,241.6583333333334,525201.25,1960.0833333333333,13.0,523228.0
baseline,1,59,18.09090909090909,0.3962334620336742,11.0,280770.0,6.547272727272726,6.547272727272726,49.54545454545455,2244.7272727272725,6.0,266.07909090909084,529971.2727272727,2196.181818181818,11.0,527758.0
baseline,1,60,16.466666666666665,0.40054192258448545,16.0,285155.0,5.016,5.016,47.266666666666666,2209.4,8.133333333333333,336.47266666666656,534321.6,2163.133333333333,16.0,532143.0
baseline,1,61,20.083333333333332,0.36475840444749,12.0,290786.0,6.890833333333333,6.890833333333333,54.0,2148.5,6.5,394.065,539888.5833333334,2095.5,12.0,537774.0
baseline,1,62,13.833333333333334,0.4053049782959595,6.0,295300.0,4.49,4.49,42.333333333333336,1967.0,3.5,203.11666666666667,544226.5,1925.6666666666667,6.0,542288.0
baseline,1,63,13.555555555555555,0.35390338539758504,11.0,299506.0,4.348888888888888,4.348888888888888,43.666666666666664,1762.4444444444443,5.444444444444445,205.90111111111116,548226.3333333334,1719.7777777777778,11.0,546494.0
baseline,1,64,14.7,0.36330269060113957,11.0,303829.0,6.526000000000001,6.526000000000001,48.6,2012.2,5.9,251.88400000000001,552795.3,1964.6,11.0,550817.0
baseline,1,65,17.4,0.4252555952274995,11.0,308099.0,5.873,5.873,40.4,1903.8,5.9,365.98199999999997,556967.8,1864.4,11.0,555087.0
baseline,1,66,38.9,0.4050869569858784,10.0,312433.0,7.142,7.142,87.5,2429.6,5.5,487.17800000000005,561802.0,2343.1,10.0,559421.0
baseline,1,67,14.166666666666666,0.4212476015584891,12.0,317313.0,4.706666666666666,4.706666666666666,37.916666666666664,1878.0833333333333,6.5,198.64499999999998,566155.3333333334,1841.1666666666667,12.0,564301.0
baseline,1,68,17.76923076923077,0.44374591830914406,13.0,321632.0,6.714615384615385,6.714615384615385,42.30769230769231,2424.6153846153848,7.0,317.11769230769227,571020.0769230769,2383.3076923076924,13.0,568620.0
baseline,1,69,13.538461538461538,0.40560539745596225,14.0,326179.0,3.443076923076924,3.443076923076924,29.76923076923077,1972.1538461538462,8.0,156.47769230769234,575122.9230769231,1943.3846153846155,14.0,573167.0
baseline,1,70,18.307692307692307,0.3841561895158645,13.0,330579.0,5.79,5.79,53.53846153846154,2102.5384615384614,7.0,257.64153846153846,579634.3076923077,2050.0,13.0,577567.0
baseline,1,71,14.555555555555555,0.413800813154047,11.0,334693.0,6.065555555555556,6.065555555555556,40.44444444444444,2071.8888888888887,6.0,228.8622222222222,583727.0,2032.4444444444443,11.0,581681.0
baseline,1,72,14.1,0.39965213108165826,12.0,339076.0,5.5169999999999995,5.5169999999999995,39.0,2534.9,6.5,242.86999999999995,588574.0,2496.9,12.0,586064.0
baseline,1,73,15.909090909090908,0.4044435760289945,13.0,343634.0,6.176363636363636,6.176363636363636,44.36363636363637,1942.090909090909,6.909090909090909,246.89454545454544,592535.6363636364,1898.7272727272727,13.0,590622.0
baseline,1,74,17.90909090909091,0.4262662454484285,11.0,348033.0,6.75090909090909,6.75090909090909,45.36363636363637,2281.3636363636365,6.0,326.59272727272725,597274.9090909091,2237.0,11.0,595021.0
baseline,1,75,12.5,0.3160354680634566,11.0,352501.0,5.359999999999999,5.359999999999999,42.4,1708.6,5.5,195.87499999999997,601167.7,1667.2,11.0,599489.0
baseline,1,76,13.846153846153847,0.3862951345633858,14.0,356739.0,4.873846153846154,4.873846153846154,40.23076923076923,2304.4615384615386,7.076923076923077,236.1207692307692,606005.0769230769,2265.230769230769,14.0,603727.0
baseline,1,77,17.3,0.39426503995108625,10.0,362148.0,6.590999999999999,6.590999999999999,52.4,1981.2,5.5,235.467,611082.1,1929.8,10.0,609136.0
baseline,1,78,12.8,0.3819475078251701,10.0,366261.0,4.874999999999999,4.874999999999999,36.7,2057.6,5.5,192.84700000000004,615282.7,2021.9,10.0,613249.0
baseline,1,79,14.714285714285714,0.4127668773640535,14.0,370401.0,4.687142857142858,4.687142857142858,36.642857142857146,1960.0714285714287,7.5,204.90285714285713,619327.1428571428,1924.4285714285713,14.0,617389.0
baseline,1,80,19.666666666666668,0.4495663230208322,10.0,374965.0,3.9822222222222226,3.9822222222222226,42.111111111111114,2240.222222222222,6.0,165.08555555555554,624170.7777777778,2199.1111111111113,10.0,621953.0
baseline,1,81,15.923076923076923,0.4940345138649632,13.0,379170.0,3.2223076923076923,3.2223076923076923,32.92307692307692,1841.076923076923,7.0,123.37846153846155,627982.0769230769,1809.1538461538462,13.0,626158.0
baseline,1,82,12.857142857142858,0.4158302895642487,14.0,383586.0,3.986428571428571,3.986428571428571,34.92857142857143,2108.5714285714284,7.5,160.6042857142857,632660.5,2074.6428571428573,14.0,630574.0
baseline,1,83,12.615384615384615,0.38902989110336733,13.0,387987.0,4.741538461538462,4.741538461538462,43.0,1964.8461538461538,7.0,173.52769230769232,636909.4615384615,1922.8461538461538,13.0,634975.0
baseline,1,84,13.416666666666666,0.43213105977730487,13.0,392275.0,3.3674999999999997,3.3674999999999997,33.0,2019.75,6.833333333333333,171.1716666666667,641263.1666666666,1987.75,13.0,639263.0
baseline,1,85,13.941176470588236,0.44309238497900777,17.0,396995.0,4.7958823529411765,4.7958823529411765,37.470588235294116,2161.1176470588234,9.0,209.65647058823527,646120.5882352941,2124.6470588235293,17.0,643983.0
baseline,1,86,17.166666666666668,0.4493518335550995,12.0,401633.0,5.129166666666667,5.129166666666667,40.166666666666664,2308.0833333333335,6.5,221.96,650906.0833333334,2268.9166666666665,12.0,648621.0
baseline,1,87,9.666666666666666,0.5501591804468481,13.0,406466.0,1.3774999999999997,1.3774999999999997,18.416666666666668,2041.8333333333333,7.0,88.5725,655487.0833333334,2024.4166666666667,13.0,653454.0
baseline,1,88,20.153846153846153,0.45919196757917563,13.0,410978.0,5.130769230769231,5.130769230769231,46.84615384615385,2321.769230769231,7.0,226.6392307692308,660261.0769230769,2275.923076923077,13.0,657966.0
baseline,1,89,12.11111111111111,0.3960585037472909,11.0,416131.0,3.851111111111111,3.851111111111111,33.22222222222222,2449.8888888888887,5.888888888888889,195.66666666666663,665547.7777777778,2417.6666666666665,11.0,663119.0
baseline,1,90,16.166666666666668,0.44070411667712667,13.0,420946.0,3.345833333333333,3.345833333333333,43.666666666666664,2096.8333333333335,7.0,231.82416666666668,670003.3333333334,2054.1666666666665,13.0,667934.0
baseline,1,91,13.11111111111111,0.44316742542629595,10.0,425174.0,3.6288888888888895,3.6288888888888895,33.111111111111114,1849.2222222222222,5.333333333333333,148.54888888888888,673991.2222222222,1817.111111111111,10.0,672162.0
baseline,1,92,12.7,0.4105150838944637,11.0,429233.0,3.021,3.021,33.8,2284.7,5.7,169.17,678484.6,2251.9,11.0,676221.0
baseline,1,93,14.5,0.4014268731647249,11.0,434161.0,4.2330000000000005,4.2330000000000005,37.0,1909.4,5.8,188.65900000000002,683035.9,1873.4,11.0,681149.0
baseline,1,94,16.125,0.4739455937345446,16.0,438722.0,4.07625,4.07625,36.6875,1719.6875,8.5,173.13125000000002,687409.125,1684.0,16.0,685710.0
baseline,1,95,15.666666666666666,0.3733005459338107,9.0,442947.0,6.8711111111111105,6.8711111111111105,46.666666666666664,1548.6666666666667,5.0,222.78444444444446,691452.6666666666,1503.0,9.0,689935.0
baseline,1,96,13.25,0.4415427777212584,12.0,447172.0,3.9249999999999994,3.9249999999999994,36.166666666666664,1826.1666666666667,6.5,158.3725,695963.25,1791.0,12.0,694160.0
baseline,2,1,20.0,0.5074901951089039,12.0,0.0,8.74,8.74,40.45454545454545,1710.090909090909,6.0,345.4672727272727,210626.63636363635,1670.6363636363637,12.0,208937.0
baseline,2,2,17.545454545454547,0.49579309977042246,11.0,4272.0,8.774545454545455,8.774545454545455,37.90909090909091,1847.7272727272727,6.0,348.67090909090916,215036.36363636365,1810.8181818181818,11.0,213209.0
baseline,2,3,19.125,0.49442772568773713,8.0,8317.0,8.98375,8.98375,39.25,1510.75,4.5,333.67875,218744.625,1472.5,8.0,217254.0
baseline,2,4,18.25,0.47749164382134646,8.0,12413.0,9.40875,9.40875,41.5,1933.375,4.5,348.97875,223260.125,1892.875,8.0,221350.0
baseline,2,5,15.363636363636363,0.5039547489542913,12.0,16460.0,6.871818181818182,6.871818181818182,32.36363636363637,1777.8181818181818,6.909090909090909,282.0345454545455,227157.81818181818,1746.4545454545455,12.0,225397.0
baseline,2,6,20.571428571428573,0.4766509605285115,8.0,20556.0,11.625714285714285,11.625714285714285,45.857142857142854,1748.4285714285713,5.0,410.9600000000001,231216.14285714287,1703.5714285714287,8.0,229493.0
baseline,2,7,15.5,0.5106616898114081,12.0,24720.0,6.235833333333335,6.235833333333335,31.75,1614.5833333333333,6.5,244.32583333333332,235255.33333333334,1583.8333333333333,12.0,233657.0
baseline,2,8,17.77777777777778,0.5000296315584536,10.0,29102.0,8.37111111111111,8.37111111111111,37.44444444444444,2029.4444444444443,6.0,314.35,240048.77777777778,1993.0,10.0,238039.0
baseline,2,9,19.333333333333332,0.4782992364041184,9.0,33452.0,9.765555555555556,9.765555555555556,43.0,1894.2222222222222,5.0,340.55111111111114,244259.55555555556,1852.2222222222222,9.0,242389.0
baseline,2,10,17.22222222222222,0.48345322811202046,9.0,37539.0,6.307777777777776,6.307777777777776,37.55555555555556,1921.4444444444443,5.0,221.7511111111111,248377.11111111112,1884.888888888889,9.0,246476.0
baseline,2,11,22.75,0.5682838569919219,9.0,41419.0,5.38125,5.38125,38.0,2620.75,5.5,358.92625,252961.5,2583.75,9.0,250356.0
baseline,2,12,19.285714285714285,0.5075980675750261,8.0,46059.0,7.632857142857142,7.632857142857142,41.714285714285715,1799.142857142857,4.285714285714286,244.13857142857142,256772.7142857143,1758.4285714285713,8.0,254996.0
baseline,2,13,18.88888888888889,0.5225111533396631,10.0,50285.0,7.37,7.37,37.0,2087.4444444444443,6.0,286.18777777777785,261291.33333333334,2051.4444444444443,10.0,259222.0
baseline,2,14,20.4,0.5097901988031498,10.0,54478.0,5.395999999999999,5.395999999999999,41.8,1863.9,5.5,303.4120000000001,265257.5,1823.1,10.0,263415.0
baseline,2,15,16.666666666666668,0.5099867449965503,12.0,58685.0,7.206666666666666,7.206666666666666,34.0,1914.6666666666667,6.5,297.4025,269519.3333333333,1881.6666666666667,12.0,267622.0
baseline,2,16,17.333333333333332,0.48918158279860396,10.0,63291.0,8.404444444444444,8.404444444444444,40.55555555555556,1513.0,5.222222222222222,318.7344444444445,273717.77777777775,1473.4444444444443,10.0,272228.0
baseline,2,17,17.181818181818183,0.5349013386631123,11.0,67484.0,6.711818181818182,6.711818181818182,33.27272727272727,1813.6363636363637,6.0,264.5236363636364,278218.54545454547,1781.3636363636363,11.0,276421.0
baseline,2,18,14.333333333333334,0.507489695065018,6.0,71487.0,4.6000000000000005,4.6000000000000005,28.333333333333332,1702.6666666666667,3.5,195.79000000000005,282112.6666666667,1675.3333333333333,6.0,280424.0
baseline,2,19,18.125,0.4771965579710145,9.0,75757.0,10.0775,10.0775,41.0,1582.0,4.75,360.36,286253.125,1542.0,9.0,284694.0
baseline,2,20,17.625,0.521692992710433,9.0,79918.0,9.5025,9.5025,37.0,1761.875,5.5,361.8425,290597.5,1725.875,9.0,288855.0
baseline,2,21,13.923076923076923,0.5074886827310107,13.0,83919.0,5.779230769230769,5.779230769230769,29.846153846153847,1982.7692307692307,7.0,236.99615384615385,294822.8461538461,1953.923076923077,13.0,292856.0
baseline,2,22,16.1,0.49918458441998526,11.0,88175.0,7.039,7.039,34.1,1942.5,6.5,282.29599999999994,299036.5,1909.4,11.0,297112.0
baseline,2,23,17.333333333333332,0.4834759589729338,13.0,92221.0,5.845833333333334,5.845833333333334,42.0,1764.6666666666667,6.75,318.3308333333333,302898.0,1723.6666666666667,13.0,301158.0
baseline,2,24,14.363636363636363,0.5157410093893348,12.0,96879.0,4.926363636363636,4.926363636363636,30.09090909090909,1827.7272727272727,6.363636363636363,206.8172727272727,307628.0,1798.6363636363637,12.0,305816.0
baseline,2,25,16.444444444444443,0.5050292250670463,9.0,101228.0,7.235555555555554,7.235555555555554,34.666666666666664,1674.7777777777778,5.0,278.84999999999997,311821.55555555556,1641.111111111111,9.0,310165.0
baseline,2,26,16.076923076923077,0.49878873543620755,14.0,105165.0,6.928461538461538,6.928461538461538,35.0,2042.6153846153845,8.0,273.37461538461537,316125.6923076923,2008.6153846153845,14.0,314102.0
baseline,2,27,15.727272727272727,0.5066606202926799,12.0,109322.0,6.515454545454545,6.515454545454545,34.27272727272727,2112.3636363636365,6.454545454545454,261.05636363636364,320352.8181818182,2079.090909090909,12.0,318259.0
baseline,2,28,15.9,0.4903056909867541,11.0,113487.0,6.966000000000001,6.966000000000001,34.0,1870.3,5.9,280.627,324276.2,1837.3,11.0,322424.0
baseline,2,29,17.142857142857142,0.5001040730364038,9.0,117599.0,7.537142857142858,7.537142857142858,35.42857142857143,2072.5714285714284,5.0,293.2957142857143,328590.28571428574,2038.142857142857,9.0,326536.0
baseline,2,30,18.166666666666668,0.4892911009135714,6.0,121693.0,7.525000000000001,7.525000000000001,39.5,2122.5,3.5,275.89,332731.1666666667,2084.0,6.0,330630.0
baseline,2,31,14.9,0.5039293041401809,10.0,125739.0,5.319,5.319,31.6,1878.1,5.5,206.72000000000003,336537.4,1847.5,10.0,334676.0
baseline,2,32,15.181818181818182,0.47970419402623693,11.0,129787.0,6.385454545454545,6.385454545454545,33.81818181818182,1665.4545454545455,6.0,267.80181818181813,340370.8181818182,1632.6363636363637,11.0,338724.0
baseline,2,33,13.846153846153847,0.4803186263864013,13.0,133676.0,5.7069230769230765,5.7069230769230765,31.53846153846154,1999.8461538461538,7.0,218.5707692307692,344595.1538461539,1969.3076923076924,13.0,342613.0
baseline,2,34,13.4,0.4676325811554872,6.0,137517.0,6.832000000000001,6.832000000000001,37.6,1872.8,3.4,256.73400000000004,348302.6,1836.2,6.0,346454.0
baseline,2,35,13.214285714285714,0.5089287994293848,14.0,141661.0,4.460714285714286,4.460714285714286,27.642857142857142,2109.214285714286,7.5,203.78214285714284,352692.78571428574,2082.5714285714284,14.0,350598.0
baseline,2,36,21.727272727272727,0.5429044253809607,11.0,146218.0,4.875454545454544,4.875454545454544,40.09090909090909,1977.0,6.0,276.29999999999995,357113.63636363635,1937.909090909091,11.0,355155.0
baseline,2,37,13.272727272727273,0.47309985798128085,11.0,150460.0,5.055454545454546,5.055454545454546,32.72727272727273,1930.1818181818182,6.0,191.62727272727273,361307.7272727273,1898.4545454545455,11.0,359397.0
baseline,2,38,16.75,0.4730151189415408,13.0,154540.0,7.879166666666666,7.879166666666666,38.25,2344.1666666666665,7.5,316.7708333333334,365799.6666666667,2306.9166666666665,13.0,363477.0
baseline,2,39,17.23076923076923,0.4948113772768105,13.0,159185.0,5.254615384615385,5.254615384615385,37.23076923076923,2302.846153846154,7.0,297.29153846153844,370404.8461538461,2266.6153846153848,13.0,368122.0
baseline,2,40,16.0,0.47671821627781763,8.0,164188.0,7.7225,7.7225,37.625,2116.75,4.5,309.69625,375220.125,2080.125,8.0,373125.0
baseline,2,41,16.571428571428573,0.4749041046852106,9.0,168282.0,8.484285714285715,8.484285714285715,38.285714285714285,2158.1428571428573,5.428571428571429,309.35857142857145,379355.4285714286,2120.8571428571427,9.0,377219.0
baseline,2,42,17.555555555555557,0.48721635820851616,9.0,172540.0,7.432222222222222,7.432222222222222,38.0,1685.888888888889,5.0,283.5744444444444,383142.44444444444,1648.888888888889,9.0,381477.0
baseline,2,43,15.5,0.4718990559186637,10.0,176893.0,6.7459999999999996,6.7459999999999996,36.2,1698.0,5.5,254.29599999999996,387507.3,1662.8,10.0,385830.0
baseline,2,44,21.545454545454547,0.46151015119967725,11.0,180876.0,6.3036363636363655,6.3036363636363655,48.63636363636363,1863.5454545454545,6.0,448.330909090909,391649.45454545453,1815.909090909091,11.0,389813.0
baseline,2,45,17.0,0.4262801593320092,9.0,186059.0,8.187142857142856,8.187142857142856,42.285714285714285,1462.5714285714287,4.285714285714286,310.58428571428567,396433.28571428574,1421.2857142857142,9.0,394996.0
baseline,2,46,13.166666666666666,0.5260566553329712,7.0,190266.0,4.823333333333333,4.823333333333333,26.166666666666668,1815.3333333333333,4.333333333333333,204.32000000000002,401005.3333333333,1790.1666666666667,7.0,399203.0
baseline,2,47,18.76923076923077,0.4653780490067927,13.0,194416.0,5.570769230769232,5.570769230769232,43.15384615384615,2121.230769230769,7.0,371.99692307692305,405449.8461538461,2079.076923076923,13.0,403353.0
baseline,2,48,16.7,0.48182738736932673,10.0,199020.0,5.589999999999999,5.589999999999999,37.4,1817.8,5.5,217.641,409754.1,1781.4,10.0,407957.0
baseline,2,49,11.0,0.45547385620915026,5.0,210424.0,2.52,2.52,25.666666666666668,848.6666666666666,2.6666666666666665,167.66333333333333,420195.0,824.0,5.0,419361.0
baseline,2,50,8.5,0.5023473748473748,9.0,215148.0,1.1362499999999998,1.1362499999999998,16.875,1757.0,4.875,86.72375000000002,425833.625,1741.125,9.0,424085.0
baseline,2,51,9.285714285714286,0.5545835743204164,8.0,219530.0,1.1814285714285713,1.1814285714285713,17.285714285714285,1689.5714285714287,4.285714285714286,90.5642857142857,430148.5714285714,1673.2857142857142,8.0,428467.0
baseline,2,52,10.7,0.5081692501047339,10.0,224191.0,0.986,0.986,22.9,1615.6,5.5,207.82600000000002,434731.4,1593.7,10.0,433128.0
baseline,2,53,8.125,0.4842661423543777,8.0,228523.0,1.0275,1.0275,17.75,1893.0,4.5,83.42875000000001,439343.375,1876.25,8.0,437460.0
baseline,2,54,10.8,0.5651487414187644,5.0,232636.0,1.4460000000000002,1.4460000000000002,19.0,1161.0,3.0,102.63000000000002,442725.8,1143.0,5.0,441573.0
baseline,2,55,11.0,0.5079355628891232,6.0,236876.0,1.5219999999999998,1.5219999999999998,22.0,1554.2,3.4,114.44199999999998,447356.2,1533.2,6.0,445813.0
baseline,2,56,7.714285714285714,0.5469018041999408,8.0,241789.0,0.9685714285714285,0.9685714285714285,14.428571428571429,1669.7142857142858,4.428571428571429,76.66857142857144,452389.0,1656.2857142857142,8.0,450726.0
baseline,2,57,14.5,0.5215701037706089,10.0,245803.0,1.127,1.127,25.9,1839.1,5.5,209.62300000000005,456567.7,1814.2,10.0,454740.0
baseline,2,58,6.6,0.5082167832167832,5.0,250014.0,0.752,0.752,13.2,1526.6,3.0,63.44,460471.0,1514.4,5.0,458951.0
baseline,2,59,9.0,0.5415560888386975,8.0,254299.0,1.1333333333333333,1.1333333333333333,16.666666666666668,2064.8333333333335,5.0,85.19333333333334,465293.1666666667,2049.1666666666665,8.0,463236.0
baseline,2,60,9.857142857142858,0.535843685300207,8.0,258972.0,1.2785714285714285,1.2785714285714285,18.571428571428573,1427.857142857143,4.285714285714286,96.71000000000001,469328.14285714284,1410.2857142857142,8.0,467909.0
baseline,2,61,7.571428571428571,0.4821511403150924,8.0,262892.0,0.877142857142857,0.877142857142857,15.714285714285714,1722.857142857143,4.428571428571429,65.86999999999999,473543.71428571426,1708.142857142857,8.0,471829.0
baseline,2,62,9.333333333333334,0.5668615984405458,7.0,266829.0,1.1683333333333332,1.1683333333333332,16.833333333333332,1001.3333333333334,3.5,90.22166666666665,476759.8333333333,985.5,7.0,475766.0
baseline,2,63,8.1,0.5118182957393482,11.0,270782.0,0.9970000000000001,0.9970000000000001,16.1,2116.8,6.0,77.866,481827.8,2101.7,11.0,479719.0
baseline,2,64,8.0,0.5489208858774076,9.0,274873.0,0.9799999999999999,0.9799999999999999,15.142857142857142,1830.5714285714287,4.857142857142857,80.99285714285713,485633.4285714286,1816.4285714285713,9.0,483810.0
baseline,2,65,7.5,0.5195414862914863,11.0,279564.0,0.8629999999999999,0.8629999999999999,14.7,2341.3,6.1,67.526,490835.1,2327.6,11.0,488501.0
baseline,2,66,7.777777777777778,0.5156910722128113,10.0,284269.0,0.9411111111111112,0.9411111111111112,14.88888888888889,2278.1111111111113,5.555555555555555,72.93555555555555,495477.0,2264.222222222222,10.0,493206.0
baseline,2,67,8.0,0.5448529411764705,5.0,288907.0,0.855,0.855,14.75,2142.75,3.0,66.1475,499980.0,2129.0,5.0,497844.0
baseline,2,68,9.571428571428571,0.531468163161527,7.0,293547.0,1.1628571428571426,1.1628571428571426,18.142857142857142,1213.857142857143,4.0,88.59428571428573,503689.28571428574,1196.7142857142858,7.0,502484.0
baseline,2,69,10.5,0.50886910245148,10.0,297788.0,0.9029999999999999,0.9029999999999999,22.8,1392.5,5.5,187.17000000000002,508105.2,1370.7,10.0,506725.0
baseline,2,70,7.375,0.514041514041514,10.0,302282.0,0.8812499999999999,0.8812499999999999,14.5,1674.25,4.875,68.48375,512886.125,1660.75,10.0,511219.0
baseline,2,71,8.0,0.4687165775401069,6.0,306538.0,0.9175,0.9175,17.25,1361.5,4.5,72.505,516827.25,1345.25,6.0,515475.0
baseline,2,72,18.833333333333332,0.557153063348771,6.0,311245.0,0.765,0.765,29.333333333333332,1380.0,3.5,286.60499999999996,521551.5,1351.6666666666667,6.0,520182.0
baseline,2,73,8.5,0.5166053921568627,5.0,315130.0,0.9199999999999999,0.9199999999999999,16.5,1122.0,2.5,66.65,525181.0,1106.5,5.0,524067.0
baseline,2,74,9.333333333333334,0.5153648008911166,6.0,319305.0,1.2083333333333333,1.2083333333333333,18.5,2236.5,3.5,89.71833333333332,530469.3333333334,2219.0,6.0,528242.0
baseline,2,75,8.11111111111111,0.5353794840636945,10.0,323481.0,0.9866666666666668,0.9866666666666668,15.444444444444445,1795.888888888889,5.444444444444445,77.84222222222223,534206.5555555555,1781.4444444444443,10.0,532418.0
baseline,2,76,8.285714285714286,0.5087092731829573,8.0,328090.0,1.052857142857143,1.052857142857143,16.285714285714285,2069.0,4.571428571428571,77.80142857142857,539088.0,2053.714285714286,8.0,537027.0
baseline,2,77,7.571428571428571,0.5268207282913165,8.0,332124.0,0.85,0.85,14.571428571428571,1839.857142857143,4.0,66.48857142857142,542893.8571428572,1826.2857142857142,8.0,541061.0
baseline,2,78,7.285714285714286,0.48623803097487306,8.0,336604.0,0.8100000000000002,0.8100000000000002,14.285714285714286,2029.2857142857142,4.428571428571429,68.01571428571428,547563.2857142857,2016.0,8.0,545541.0
baseline,2,79,7.333333333333333,0.5236111111111111,7.0,341515.0,0.7983333333333332,0.7983333333333332,14.333333333333334,2158.6666666666665,4.0,68.10666666666667,552603.6666666666,2145.3333333333335,7.0,550452.0
baseline,2,80,9.6,0.5158817993600602,6.0,345787.0,1.1360000000000003,1.1360000000000003,18.6,1640.6,3.4,85.494,556355.6,1623.0,6.0,554724.0
baseline,2,81,8.166666666666666,0.5283558254610886,7.0,350236.0,0.9866666666666665,0.9866666666666665,15.666666666666666,1133.0,3.6666666666666665,71.55833333333334,560298.5,1118.3333333333333,7.0,559173.0
baseline,2,82,15.0,0.5342359767891682,6.0,354701.0,0.7859999999999999,0.7859999999999999,29.6,2070.8,3.4,312.98199999999997,565694.2,2042.2,6.0,563638.0
baseline,2,83,8.8,0.4823798627002288,5.0,359467.0,1.034,1.034,18.2,2559.8,3.0,77.19,570954.4,2542.6,5.0,568404.0
baseline,2,84,9.2,0.5581818181818182,6.0,364027.0,1.1620000000000001,1.1620000000000001,16.8,1597.6,3.4,86.078,574554.0,1581.8,6.0,572964.0
baseline,2,85,7.833333333333333,0.43392156862745096,7.0,368298.0,0.8483333333333333,0.8483333333333333,18.166666666666668,1893.8333333333333,4.0,66.14999999999999,579118.5,1876.6666666666667,7.0,577235.0
baseline,2,86,7.5,0.4497680962354875,7.0,372362.0,0.8483333333333332,0.8483333333333332,16.833333333333332,1454.6666666666667,3.5,70.76666666666667,582744.3333333334,1438.8333333333333,7.0,581299.0
baseline,2,87,10.222222222222221,0.5018636096413874,10.0,376684.0,1.2277777777777779,1.2277777777777779,20.555555555555557,2349.0,5.111111111111111,94.64888888888889,587959.6666666666,2329.4444444444443,10.0,585621.0
baseline,2,88,8.571428571428571,0.48301320528211283,7.0,381194.0,1.1142857142857143,1.1142857142857143,17.714285714285715,2227.4285714285716,4.0,85.11999999999999,592349.2857142857,2210.714285714286,7.0,590131.0
baseline,2,89,7.571428571428571,0.45220095693779905,8.0,385466.0,0.8314285714285715,0.8314285714285715,17.428571428571427,2430.285714285714,4.428571428571429,73.4157142857143,596823.4285714285,2413.8571428571427,8.0,594403.0
baseline,2,90,8.142857142857142,0.5288958118972733,8.0,390028.0,0.9628571428571429,0.9628571428571429,16.0,1866.2857142857142,4.0,80.22857142857143,600823.4285714285,1851.2857142857142,8.0,598965.0
baseline,2,91,10.1,0.4950363943649716,10.0,394063.0,1.341,1.341,20.4,1980.6,5.5,102.184,604970.3,1961.2,10.0,603000.0
baseline,2,92,10.0,0.4594907407407407,3.0,398252.0,1.14,1.14,21.5,900.0,1.5,101.94,608077.5,879.5,3.0,607189.0
baseline,2,93,13.666666666666666,0.5118837181337181,12.0,402124.0,0.9800000000000001,0.9800000000000001,24.333333333333332,1984.9166666666667,6.5,123.13833333333334,613035.25,1961.5833333333333,12.0,611061.0
baseline,2,94,9.285714285714286,0.47408748388999067,7.0,406796.0,1.0128571428571427,1.0128571428571427,19.857142857142858,1965.7142857142858,4.0,86.79857142857145,617688.1428571428,1946.857142857143,7.0,615733.0
baseline,2,95,8.333333333333334,0.4702410468628339,10.0,411307.0,0.9866666666666668,0.9866666666666668,19.0,2135.777777777778,5.555555555555555,85.9988888888889,622369.1111111111,2117.777777777778,10.0,620244.0
baseline,2,96,12.0,0.4520683644133253,14.0,415627.0,1.1364285714285711,1.1364285714285711,27.0,2673.4285714285716,7.5,154.13142857142856,627222.4285714285,2647.4285714285716,14.0,624564.0
baseline,4,1,11.5,0.43462008523367557,10.0,0.0,2.2750000000000004,2.2750000000000004,28.0,2242.5,5.125,158.51874999999998,719506.0,2215.5,10.0,717280.0
baseline,4,2,11.5,0.6516187516187516,5.0,4521.0,0.3925,0.3925,16.75,1807.5,3.0,47.4825,723603.25,1791.75,5.0,721801.0
baseline,4,3,8.75,0.37531458602830087,10.0,9129.0,0.7474999999999999,0.7474999999999999,24.75,2214.875,5.25,98.24125000000001,728607.875,2191.125,10.0,726409.0
baseline,4,4,7.75,0.4130001432391138,5.0,13754.0,0.6075,0.6075,19.5,2883.0,2.75,72.895,733905.25,2864.5,5.0,731034.0
baseline,4,5,11.6,0.3688172292823456,8.0,18362.0,4.24,4.24,31.4,3938.6,4.4,221.304,739560.8,3908.2,8.0,735642.0
baseline,4,6,11.714285714285714,0.3421692916766808,10.0,25016.0,5.05,5.05,35.714285714285715,4068.285714285714,5.571428571428571,208.7,746340.2857142857,4033.5714285714284,10.0,742296.0
baseline,4,7,11.0,0.4745623369765246,7.0,30839.0,2.4850000000000003,2.4850000000000003,24.0,2989.5,4.0,156.5575,751095.5,2966.5,7.0,748119.0
baseline,4,8,10.8,0.3789622474299894,6.0,35594.0,0.9460000000000001,0.9460000000000001,29.2,2181.2,3.2,118.80199999999999,755036.8,2153.0,6.0,752874.0
baseline,4,9,8.666666666666666,0.5138211382113821,5.0,40840.0,1.0266666666666666,1.0266666666666666,20.666666666666668,2529.3333333333335,2.6666666666666665,111.08,760637.3333333334,2509.6666666666665,5.0,758120.0
baseline,4,10,12.333333333333334,0.3442372442372443,5.0,45591.0,3.383333333333333,3.383333333333333,35.333333333333336,3023.6666666666665,3.3333333333333335,214.96,765871.6666666666,2989.3333333333335,5.0,762871.0
baseline,4,11,10.75,0.4682922884318074,9.0,50216.0,1.5550000000000002,1.5550000000000002,23.875,3144.125,4.5,105.71125,770627.0,3121.25,9.0,767496.0
baseline,4,12,10.333333333333334,0.33577150818530127,5.0,56586.0,0.7800000000000001,0.7800000000000001,30.666666666666668,2955.3333333333335,3.0,117.98666666666666,776801.0,2925.6666666666665,5.0,773866.0
baseline,4,13,11.5,0.4990898009743511,7.0,61225.0,0.96,0.96,23.833333333333332,2910.8333333333335,4.166666666666667,95.36,781403.5,2888.0,7.0,778505.0
baseline,4,14,4.5,0.34553872053872053,8.0,66311.0,0.36333333333333334,0.36333333333333334,13.833333333333334,2496.5,4.0,41.66833333333333,786078.1666666666,2483.6666666666665,8.0,783591.0
baseline,4,15,8.25,0.6014705882352942,4.0,71415.0,0.475,0.475,14.75,1458.0,2.5,51.709999999999994,790146.5,1444.25,4.0,788695.0
baseline,4,16,4.6,0.3933473389355742,5.0,75771.0,0.394,0.394,13.0,2192.2,3.0,38.92999999999999,795234.8,2180.2,5.0,793051.0
baseline,4,17,9.8,0.5203289286729185,8.0,80058.0,0.372,0.372,18.2,2340.0,3.8,43.980000000000004,799669.6,2322.8,8.0,797338.0
baseline,4,18,8.2,0.49150432900432894,7.0,85287.0,0.64,0.64,17.2,2334.0,3.8,63.00999999999999,804892.0,2317.8,7.0,802567.0
baseline,4,19,8.333333333333334,0.5000583566760037,7.0,89944.0,0.91,0.91,17.166666666666668,1931.5,3.5,72.08666666666666,809146.6666666666,1915.3333333333333,7.0,807224.0
baseline,4,20,9.0,0.44533799533799534,6.0,94410.0,1.1275,1.1275,20.75,2729.5,3.5,81.5725,814407.75,2709.75,6.0,811690.0
baseline,4,21,6.2,0.5434523809523809,6.0,99417.0,0.518,0.518,11.8,1846.2,3.0,45.422000000000004,818537.6,1835.4,6.0,816697.0
baseline,4,22,8.333333333333334,0.48000921001139646,8.0,103958.0,0.69,0.69,21.0,2137.1666666666665,5.166666666666667,80.58166666666666,823362.5,2117.1666666666665,8.0,821238.0
baseline,4,23,9.75,0.43173542144130383,5.0,108873.0,1.045,1.045,24.5,2254.5,3.25,107.23500000000001,828392.75,2231.0,5.0,826153.0
baseline,4,24,8.428571428571429,0.3915791339024365,7.0,113255.0,0.6428571428571429,0.6428571428571429,21.285714285714285,2137.5714285714284,4.0,65.24714285714286,832659.7142857143,2117.285714285714,7.0,830535.0
baseline,4,25,7.25,0.43625541125541123,6.0,117672.0,0.7525000000000001,0.7525000000000001,16.75,3253.5,4.25,63.04,838196.0,3237.75,6.0,834952.0
baseline,4,26,5.5,0.55,2.0,123622.0,0.45499999999999996,0.45499999999999996,10.0,1892.5,1.5,42.495000000000005,842790.0,1883.5,2.0,840902.0
baseline,4,27,7.444444444444445,0.4314867577490299,10.0,128424.0,0.5711111111111111,0.5711111111111111,18.666666666666668,1906.6666666666667,5.0,66.47111111111111,847599.4444444445,1889.0,10.0,845704.0
baseline,4,28,7.285714285714286,0.5133309896158192,9.0,133205.0,0.5942857142857143,0.5942857142857143,14.142857142857142,2216.5714285714284,4.285714285714286,50.31571428571429,852694.7142857143,2203.4285714285716,9.0,850485.0
baseline,4,29,8.428571428571429,0.501860263209368,7.0,138521.0,0.7271428571428571,0.7271428571428571,17.285714285714285,2505.1428571428573,4.0,63.06,858297.2857142857,2488.8571428571427,7.0,855801.0
baseline,4,30,6.571428571428571,0.40813749742321176,9.0,143048.0,0.6357142857142856,0.6357142857142856,17.142857142857142,2917.285714285714,5.142857142857143,54.33857142857143,863234.7142857143,2901.1428571428573,9.0,860328.0
baseline,4,31,8.2,0.4562228247515635,7.0,147689.0,0.7380000000000001,0.7380000000000001,18.2,2338.6,3.4,52.455999999999996,867297.6,2321.4,7.0,864969.0
baseline,4,32,8.0,0.3962956474455811,9.0,153897.0,0.7800000000000001,0.7800000000000001,20.428571428571427,2766.0,4.285714285714286,74.48285714285714,873930.5714285715,2746.5714285714284,9.0,871177.0
baseline,4,33,8.222222222222221,0.37232578855296905,11.0,159448.0,0.8766666666666666,0.8766666666666666,22.11111111111111,1732.888888888889,6.111111111111111,82.41666666666667,878447.0,1711.7777777777778,11.0,876728.0
baseline,4,34,7.25,0.4610902255639098,5.0,164136.0,0.5375,0.5375,16.0,2122.75,2.5,44.52250000000001,883530.0,2107.75,5.0,881416.0
baseline,4,35,9.666666666666666,0.42231692913590924,11.0,168871.0,0.7466666666666667,0.7466666666666667,22.555555555555557,2589.222222222222,6.0,74.58999999999999,888727.3333333334,2567.6666666666665,11.0,886151.0
baseline,4,36,8.333333333333334,0.5730158730158731,4.0,174230.0,0.5533333333333333,0.5533333333333333,15.333333333333334,1244.0,2.0,43.673333333333325,892747.0,1229.6666666666667,4.0,891510.0
baseline,4,37,8.6,0.38068637065810307,5.0,178973.0,1.18,1.18,22.0,2546.4,3.0,90.49,898786.0,2525.4,5.0,896253.0
baseline,4,38,9.166666666666666,0.43418370932602435,7.0,183655.0,0.7416666666666667,0.7416666666666667,22.0,1930.8333333333333,3.6666666666666665,73.70666666666666,902853.0,1909.8333333333333,7.0,900935.0
baseline,4,39,5.875,0.3541230168142525,9.0,188235.0,0.4725,0.4725,17.5,1909.625,5.5,58.93375,907413.0,1893.125,9.0,905515.0
baseline,4,40,4.5,0.4419642857142857,2.0,192567.0,0.38,0.38,11.5,371.0,1.5,40.11,910211.0,360.5,2.0,909847.0
baseline,4,41,6.5,0.4088345864661654,5.0,197112.0,0.6625,0.6625,16.5,1592.75,3.0,60.0775,915974.75,1577.25,5.0,914392.0
baseline,4,42,6.6,0.42744360902255635,8.0,201573.0,0.646,0.646,16.2,1556.6,3.4,56.74000000000001,920400.0,1541.4,8.0,918853.0
baseline,4,43,6.625,0.4872709500466853,10.0,206070.0,0.74875,0.74875,14.0,2056.75,5.5,60.09625,925399.375,2043.75,10.0,923350.0
baseline,4,44,6.375,0.507804768331084,9.0,210647.0,0.6675000000000001,0.6675000000000001,13.125,2138.25,4.875,56.54625,930058.5,2126.125,9.0,927927.0
baseline,4,45,8.4,0.47759183283177087,10.0,215047.0,0.756,0.756,17.2,2114.2,5.5,65.94000000000001,934432.4,2098.0,10.0,932327.0
baseline,4,46,5.6,0.5097058823529411,6.0,219557.0,0.48600000000000004,0.48600000000000004,11.6,1838.4,3.0,40.596,938669.4,1827.8,6.0,936837.0
baseline,4,47,8.777777777777779,0.461525567286928,10.0,224135.0,1.3744444444444444,1.3744444444444444,18.88888888888889,3683.5555555555557,6.0,97.20444444444445,945088.4444444445,3665.6666666666665,10.0,941415.0
baseline,4,48,9.0,0.5175120772946861,7.0,230713.0,1.5766666666666669,1.5766666666666669,18.5,3261.3333333333335,4.333333333333333,112.72333333333331,951244.8333333334,3243.8333333333335,7.0,947993.0
baseline,4,49,16.0,0.22857142857142856,2.0,250166.0,6.11,6.11,70.0,4486.0,2.0,346.38,971878.0,4417.0,2.0,967446.0
baseline,4,50,10.8,0.38523132221341944,5.0,254682.0,2.3520000000000003,2.3520000000000003,27.0,1870.6,3.0,149.554,973816.4,1844.6,5.0,971962.0
baseline,4,51,14.333333333333334,0.380127147136133,4.0,259084.0,5.016666666666667,5.016666666666667,38.0,1665.3333333333333,2.0,249.10666666666665,978005.6666666666,1628.3333333333333,4.0,976364.0
baseline,4,52,12.75,0.5206794477478831,8.0,263606.0,2.5725,2.5725,25.125,3087.625,4.5,155.57125000000002,983961.25,3063.5,8.0,980886.0
baseline,4,53,12.727272727272727,0.4957326128139773,11.0,268170.0,3.23,3.23,27.09090909090909,2387.6363636363635,6.0,160.85636363636365,987823.2727272727,2361.5454545454545,11.0,985450.0
baseline,4,54,11.0,0.4940711462450593,7.0,272792.0,2.4375,2.4375,22.5,2762.75,4.0,153.08249999999998,992823.25,2741.25,7.0,990072.0
baseline,4,55,10.333333333333334,0.4445910891238216,14.0,277269.0,2.710833333333333,2.710833333333333,24.666666666666668,3310.3333333333335,7.666666666666667,152.03583333333333,997845.0,3286.6666666666665,14.0,994549.0
baseline,4,56,14.272727272727273,0.41505696719125784,12.0,283624.0,4.69909090909091,4.69909090909091,36.81818181818182,2505.6363636363635,7.0,204.77636363636364,1003387.0909090909,2469.818181818182,12.0,1000904.0
baseline,4,57,12.25,0.45501426400857375,8.0,288087.0,3.385,3.385,29.125,3302.25,4.5,173.44625,1008652.375,3274.125,8.0,1005367.0
baseline,4,58,9.5,0.518758060637856,5.0,292838.0,1.49,1.49,19.75,2699.75,3.25,117.9225,1012807.5,2681.0,5.0,1010118.0
baseline,4,59,11.2,0.4952313605227422,6.0,297174.0,2.3600000000000003,2.3600000000000003,23.8,2083.2,3.0,132.888,1016524.6,2060.4,6.0,1014454.0
baseline,4,60,8.444444444444445,0.4676312141234157,10.0,301719.0,1.7544444444444443,1.7544444444444443,21.88888888888889,2275.777777777778,5.111111111111111,98.99777777777778,1021261.3333333334,2254.8888888888887,10.0,1018999.0
baseline,4,61,9.666666666666666,0.5031039136302294,6.0,306267.0,1.2333333333333332,1.2333333333333332,20.5,2500.6666666666665,3.5,99.63666666666666,1026036.8333333334,2481.1666666666665,6.0,1023547.0
baseline,4,62,10.166666666666666,0.5203588681849552,6.0,310598.0,2.213333333333333,2.213333333333333,20.833333333333332,3060.6666666666665,3.5,143.25333333333333,1030928.0,3040.8333333333335,6.0,1027878.0
baseline,4,63,9.1,0.4970321479234186,10.0,315306.0,1.3749999999999998,1.3749999999999998,18.4,2483.3,5.5,96.02600000000001,1035060.0,2465.9,10.0,1032586.0
baseline,4,64,9.444444444444445,0.4767914620573817,10.0,319752.0,1.6955555555555555,1.6955555555555555,19.77777777777778,2277.8888888888887,5.333333333333333,114.9722222222222,1039299.5555555555,2259.1111111111113,10.0,1037032.0
baseline,4,65,11.8,0.5255347631434588,11.0,324678.0,2.204,2.204,23.5,2600.4,5.5,124.89899999999997,1044546.7,2577.9,11.0,1041958.0
baseline,4,66,9.3125,0.5193562820758606,17.0,329173.0,1.4762499999999998,1.4762499999999998,18.1875,2507.5625,9.5,96.43374999999999,1048951.6875,2490.375,17.0,1046453.0
baseline,4,67,9.5,0.5166382310499958,10.0,333834.0,1.20375,1.20375,18.625,2482.25,6.125,86.27624999999999,1053587.125,2464.625,10.0,1051114.0
baseline,4,68,13.125,0.422040192560933,9.0,338167.0,3.9475,3.9475,33.375,1989.875,5.375,195.37375,1057416.625,1957.5,9.0,1055447.0
baseline,4,69,9.4,0.4760413168036301,10.0,342456.0,1.499,1.499,20.3,2353.5,5.5,102.069,1062078.6,2334.2,10.0,1059736.0
baseline,4,70,10.4,0.5222897174510078,11.0,346869.0,1.9260000000000002,1.9260000000000002,20.6,2366.7,6.0,120.79400000000001,1066505.5,2347.1,11.0,1064149.0
baseline,4,71,9.571428571428571,0.5084891268996256,14.0,351287.0,1.707142857142857,1.707142857142857,20.0,2720.9285714285716,7.5,97.87785714285714,1071277.5,2701.9285714285716,14.0,1068567.0
baseline,4,72,9.785714285714286,0.5208943354056136,15.0,356331.0,1.5685714285714283,1.5685714285714283,19.285714285714285,2471.0714285714284,7.5,103.83714285714284,1076072.5714285714,2452.785714285714,15.0,1073611.0
baseline,4,73,9.7,0.433782599753188,11.0,360758.0,1.857,1.857,23.0,2692.6,6.5,114.625,1080717.3,2670.6,11.0,1078038.0
baseline,4,74,10.444444444444445,0.5589570331056399,9.0,365223.0,1.47,1.47,19.22222222222222,2622.8888888888887,5.0,89.28555555555555,1085117.111111111,2604.6666666666665,9.0,1082503.0
baseline,4,75,9.357142857142858,0.4851061679375882,15.0,370789.0,2.75,2.75,22.428571428571427,2793.785714285714,8.071428571428571,126.69571428571429,1090849.7142857143,2772.3571428571427,15.0,1088069.0
baseline,4,76,11.333333333333334,0.4779071773636991,7.0,376359.0,2.7833333333333337,2.7833333333333337,26.166666666666668,2585.1666666666665,3.5,139.62333333333333,1096209.3333333333,2560.0,7.0,1093639.0
baseline,4,77,12.333333333333334,0.505870907139023,8.0,380920.0,2.3116666666666665,2.3116666666666665,24.333333333333332,2578.6666666666665,4.5,159.08333333333334,1100766.6666666667,2555.3333333333335,8.0,1098200.0
baseline,4,78,11.071428571428571,0.4892400669095043,16.0,385335.0,2.4578571428571427,2.4578571428571427,23.0,2611.8571428571427,8.071428571428571,142.09428571428572,1105214.9285714286,2589.8571428571427,16.0,1102615.0
baseline,4,79,11.75,0.466371237458194,10.0,391013.0,4.21375,4.21375,32.125,3574.375,6.0,183.99125,1111847.0,3543.25,10.0,1108293.0
baseline,4,80,8.8,0.5508194641192351,16.0,396726.0,1.1853333333333333,1.1853333333333333,16.066666666666666,2575.0666666666666,8.0,81.27600000000001,1116573.8,2560.0,16.0,1114006.0
baseline,4,81,11.941176470588236,0.49286668168576986,20.0,401574.0,1.8488235294117645,1.8488235294117645,24.941176470588236,2651.294117647059,9.352941176470589,107.71941176470588,1121492.294117647,2627.3529411764707,20.0,1118854.0
baseline,4,82,13.666666666666666,0.5090388007054673,7.0,407607.0,3.123333333333333,3.123333333333333,27.166666666666668,2578.0,4.166666666666667,205.82833333333335,1127451.5,2551.8333333333335,7.0,1124887.0
baseline,4,83,9.0,0.4556063096810126,7.0,411929.0,1.1828571428571428,1.1828571428571428,20.142857142857142,2212.8571428571427,4.0,97.73714285714287,1131410.7142857143,2193.714285714286,7.0,1129209.0
baseline,4,84,9.363636363636363,0.4630727972568579,12.0,416039.0,1.908181818181818,1.908181818181818,24.0,2352.090909090909,6.090909090909091,108.9590909090909,1135656.4545454546,2329.090909090909,12.0,1133319.0
baseline,4,85,8.833333333333334,0.49958779888767096,13.0,420696.0,1.22,1.22,17.5,2228.75,6.5,87.13000000000001,1140196.0833333333,2212.25,13.0,1137976.0
baseline,4,86,10.153846153846153,0.5186043211510973,13.0,425414.0,1.4161538461538459,1.4161538461538459,19.615384615384617,2279.6153846153848,7.0,92.95846153846152,1144964.1538461538,2261.0,13.0,1142694.0
baseline,4,87,12.2,0.4929940631450929,11.0,429671.0,2.4379999999999997,2.4379999999999997,25.7,3046.8,6.5,160.33599999999998,1149984.3,3022.1,11.0,1146951.0
baseline,4,88,10.363636363636363,0.5036414057477091,12.0,435337.0,2.369090909090909,2.369090909090909,21.90909090909091,2904.0,6.2727272727272725,129.02545454545455,1155509.4545454546,2883.090909090909,12.0,1152617.0
baseline,4,89,11.2,0.5011876832844575,12.0,440037.0,1.732,1.732,22.6,2735.5,6.5,114.26299999999999,1160041.1,2713.9,12.0,1157317.0
baseline,4,90,10.470588235294118,0.4700733892991408,17.0,444888.0,2.1635294117647055,2.1635294117647055,24.529411764705884,3438.9411764705883,9.0,134.45529411764707,1165592.8823529412,3415.4117647058824,17.0,1162168.0
baseline,4,91,13.4,0.4239976866912456,8.0,452373.0,5.036,5.036,36.2,3437.8,5.0,253.602,1173068.0,3402.6,8.0,1169653.0
baseline,4,92,13.235294117647058,0.5623848811508658,17.0,457208.0,2.427647058823529,2.427647058823529,25.647058823529413,2032.0588235294117,9.0,140.8135294117647,1176507.6470588236,2007.4117647058824,17.0,1174488.0
baseline,4,93,10.125,0.5555974032809744,18.0,461670.0,1.3431249999999997,1.3431249999999997,18.3125,2334.875,9.125,88.30249999999997,1181276.6875,2317.5625,18.0,1178950.0
baseline,4,94,9.4,0.5052430024271456,16.0,466438.0,1.2459999999999998,1.2459999999999998,18.2,2146.6666666666665,8.0,87.42733333333334,1185855.8666666667,2129.4666666666667,16.0,1183718.0
baseline,4,95,11.153846153846153,0.5213364480816323,17.0,471702.0,2.077692307692308,2.077692307692308,22.153846153846153,3165.076923076923,7.846153846153846,128.8653846153846,1192136.076923077,3143.923076923077,17.0,1188982.0
baseline,4,96,12.714285714285714,0.3956858903328338,9.0,479557.0,4.267142857142857,4.267142857142857,34.0,3263.285714285714,5.714285714285714,211.41714285714284,1200079.0,3230.285714285714,9.0,1196837.0
